the,35611
of,15655
and,12410
in,9682
to,7495
is,6649
laser,6262
with,4645
for,4368
electron,4159
energy,4087
by,3672
phys,2870
at,2774
plasma,2772
from,2562
as,2557
electrons,2505
ray,2461
that,2445
are,2279
this,2157
be,2078
pulse,2039
on,1996
al,1855
an,1809
et,1732
beam,1714
target,1704
high,1684
density,1643
radiation,1608
we,1480
rev,1469
fig,1460
can,1438
which,1359
was,1344
mev,1320
photon,1312
plasmas,1079
it,1057
intensity,1052
lett,983
photons,957
spectrum,928
eld,911
source,892
using,889
where,869
than,781
distribution,764
have,759
emission,750
gamma,729
number,717
relativistic,707
cm,704
has,703
interaction,700
these,674
case,670
mm,666
rays,659
measured,641
results,637
acceleration,627
or,620
were,613
used,602
simulations,597
physics,588
time,586
kev,583
two,581
solid,573
beams,572
not,563
bremsstrahlung,561
shown,561
simulation,558
into,547
been,540
scattering,540
axis,539
range,539
ion,533
also,525
angle,522
between,515
peak,509
different,505
obtained,494
size,493
when,477
fs,475
length,474
one,473
pro,468
lm,466
our,461
such,461
order,460
pulses,454
energies,451
due,450
all,446
produced,445
temperature,443
up,441
experimental,439
maximum,439
sources,438
betatron,435
no,435
spectra,431
direction,424
higher,418
figure,417
magnetic,417
shot,416
shows,416
fast,415
self,413
more,412
doi,410
ne,409
line,407
ef,403
le,402
accelerated,401
charge,401
transverse,397
compton,393
given,392
both,388
low,382
over,382
single,382
emitted,379
regime,377
about,376
generated,376
targets,376
ions,375
total,374
wave,371
light,365
absorption,364
through,364
based,363
duration,363
above,358
thickness,358
see,356
intense,355
parameters,355
same,354
de,353
driven,353
function,350
its,349
process,349
particle,348
nature,346
org,345
power,345
re,345
here,344
cm2,341
dose,340
only,340
hot,339
per,337
each,336
experiments,336
critical,334
gas,334
scale,334
spot,334
will,334
under,329
however,328
angular,327
generation,327
but,326
experiment,324
production,323
foil,321
pic,316
accelerator,315
cid,315
tion,310
con,309
data,308
large,308
field,307
then,307
respectively,306
well,300
thus,298
observed,293
after,290
along,288
electric,286
corresponding,285
model,282
their,282
nm,280
lower,277
frequency,273
new,273
fwhm,272
incident,272
while,272
bunch,270
if,268
signal,266
within,264
near,263
because,262
channel,258
divergence,258
effects,258
section,258
synchrotron,258
eq,257
initial,257
nuclear,257
fusion,255
lwfa,255
short,255
spectral,255
conditions,253
small,252
gev,251
other,250
plane,250
propagation,249
motion,248
optical,248
contrast,247
phase,247
wavelength,246
ciency,245
nonlinear,245
thomson,244
calculated,243
nc,243
region,243
shots,243
force,242
reaction,242
since,242
applications,240
during,240
cell,239
use,239
front,238
focusing,237
average,236
may,236
measurements,236
much,236
parameter,236
could,235
lasers,235
published,235
effect,233
factor,233
surface,233
thick,233
cross,231
sci,230
focal,226
performed,225
https,224
conversion,222
femtosecond,222
intensities,222
layer,222
so,222
very,222
pair,221
rst,221
spatial,220
amplitude,219
compared,219
normalized,219
online,219
spectrometer,219
potential,217
resolution,217
code,216
accelerators,214
increase,213
few,212
show,212
strong,212
quantum,211
result,211
would,211
focused,210
radius,210
chen,209
most,209
red,209
they,209
value,209
wake,209
heating,208
image,208
long,206
detector,205
out,205
similar,201
dynamics,200
longitudinal,200
elds,197
dense,196
malka,196
produce,196
hard,195
yield,195
forward,193
part,193
pukhov,193
laboratory,192
system,192
sec,191
velocity,191
mirror,189
undulator,189
elec,187
ev,187
multi,187
science,187
imaging,186
interactions,186
properties,186
spread,186
three,186
electromagnetic,185
gaussian,184
matter,184
second,184
below,181
ing,181
mrad,181
cient,180
material,180
university,180
instrum,179
several,179
ultra,179
wakefield,177
increases,176
present,176
around,175
nat,173
numerical,173
positron,173
appl,172
ps,172
temporal,172
color,171
position,171
distance,170
momentum,170
rate,170
measurement,169
methods,169
note,169
therefore,169
free,168
main,168
mean,168
edge,167
larger,167
jet,166
particles,166
presented,165
ratio,164
signi,164
he,163
current,162
less,162
simulated,162
study,162
without,161
work,161
ionization,160
smaller,160
there,160
ii,159
lead,159
lp,159
mechanism,159
background,158
control,158
esarey,158
off,158
scheme,158
thin,158
petawatt,157
corresponds,155
injection,155
scaling,155
typical,155
ta,154
cu,153
gure,153
placed,153
point,153
some,153
space,153
times,152
cases,150
dashed,150
expected,150
research,150
wang,150
should,149
vacuum,149
mod,148
possible,148
black,147
set,147
via,147
au,146
ed,146
like,145
setup,145
found,143
resonance,143
constant,142
curve,142
normal,142
ponderomotive,142
processes,142
width,142
compact,141
addition,139
ected,139
key,139
limit,139
ned,139
th,139
article,138
full,138
structure,138
considered,137
demonstrated,137
following,137
state,137
described,136
mass,136
blue,135
fel,135
fields,135
leemans,134
liu,134
radiated,134
approximately,133
important,133
radiography,133
aip,132
axial,132
energetic,132
equation,132
example,132
integrated,132
values,132
diameter,131
linear,131
resulting,131
www,131
induced,130
inside,130
bubble,129
even,129
evolution,129
journal,129
lines,129
period,129
publishing,129
bandwidth,128
dimensional,128
focus,128
further,128
half,128
monoenergetic,128
plate,128
exp,127
institute,127
iv,127
me,127
paper,127
strength,127
analysis,126
com,126
lens,126
physical,126
determined,125
estimated,125
greater,125
limited,125
conventional,124
method,124
nucl,124
quasi,124
propagating,123
account,122
classical,122
direct,122
first,122
lter,122
tw,122
collimated,121
before,120
kinetic,120
phuoc,120
reported,120
vol,120
zhang,120
obtain,119
required,119
review,119
various,119
cp,118
densities,118
dependence,118
level,118
li,118
ncd,118
scattered,118
back,117
polarized,117
quality,117
sample,117
transport,117
becomes,116
seen,116
table,116
bulanov,115
carbon,115
discussed,115
lefebvre,115
technology,115
agreement,114
equal,114
january,114
magnitude,114
accel,113
collision,113
distributions,113
form,113
license,113
ref,113
relative,113
bunches,112
center,112
ee,112
proton,112
recorded,112
ter,112
ec,111
effective,111
proposed,111
reactions,111
rousse,111
china,110
foils,110
measure,110
national,110
respect,110
made,109
oscillations,109
controlled,108
corde,108
krushelnick,108
non,108
previous,108
dla,107
faure,107
iii,107
increasing,107
many,107
onto,107
strongly,107
theoretical,107
top,107
tron,107
means,106
wilks,106
collisional,105
consistent,105
monte,105
protons,105
vector,105
applied,104
area,104
carlo,104
gain,104
leads,104
achieved,102
depends,102
does,102
figs,102
lorentz,102
brightness,101
comparison,101
good,101
taken,101
characteristic,100
reduced,100
theory,100
trapped,100
angles,99
being,99
central,99
increased,99
opt,99
photonics,99
ampli,98
experimentally,98
inset,98
la,98
thomas,98
ti,98
get,97
side,97
atomic,96
condition,96
coupling,96
detection,96
now,96
plotted,96
probe,96
approach,95
ex,95
generate,95
gives,95
highly,95
occurs,95
res,95
tunable,95
error,94
green,94
pre,94
ux,94
accepted,93
calder,93
enhanced,93
left,93
directly,92
facility,92
frame,92
lu,92
shape,92
simple,92
those,92
wiggler,92
yu,92
available,91
bright,91
features,91
foam,91
http,91
march,91
mechanisms,91
response,91
still,91
zepf,91
assuming,90
dt,90
rad,90
averaged,89
bulk,89
copper,88
cos,88
highest,88
known,88
recent,88
represents,88
best,87
cantly,87
go,87
mangles,87
meyer,87
ccd,86
double,86
including,86
vehn,86
according,85
author,85
cant,85
cation,85
fraction,85
must,85
polarization,85
provide,85
threshold,85
trajectory,85
trons,85
yan,85
box,84
drive,84
estimate,84
fundamental,84
irradiated,84
relatively,84
scitation,84
ultrafast,84
behind,83
close,83
fact,83
formed,83
future,83
harmonics,83
information,83
lters,83
preplasma,83
pw,83
recently,83
temperatures,83
underdense,83
assumed,82
detectors,82
ionized,82
linearly,82
picosecond,82
pm,82
states,82
enough,81
horizontal,81
ln,81
resonant,81
tens,81
brilliance,80
c2,80
comparable,80
created,80
di,80
materials,80
qed,80
thermal,80
vertical,80
hence,79
ip,79
particular,79
reaches,79
step,79
volume,79
become,78
characteristics,78
chosen,78
ma,78
mcnp,78
mori,78
numbers,78
schroeder,78
sections,78
tions,78
difference,77
dx,77
slightly,77
spec,77
umstadter,77
exit,76
magnet,76
mainly,76
observation,76
oscillation,76
relativistically,76
resolved,76
studies,76
suf,76
expression,75
geometry,75
initially,75
pump,75
rest,75
stage,75
diagnostic,74
huang,74
images,74
london,74
najmudin,74
profile,74
rep,74
trajectories,74
trans,74
transmission,74
collisions,73
leading,73
object,73
reach,73
received,73
st,73
stable,73
supplementary,73
tajima,73
waves,73
wide,73
development,72
grant,72
harmonic,72
multiple,72
optics,72
systems,72
water,72
activation,71
any,71
decreases,71
depth,71
diffraction,71
ep,71
how,71
loss,71
max,71
provides,71
represented,71
screen,71
studied,71
sub,71
supported,71
transmitted,71
air,70
broad,70
camera,70
consider,70
detected,70
do,70
finally,70
incidence,70
negligible,70
scales,70
tantalum,70
te,70
thicknesses,70
us,70
array,69
cavity,69
conclusion,69
developed,69
diagnostics,69
either,69
ns,69
perpendicular,69
points,69
scintillator,69
varying,69
week,69
beg,68
dotted,68
ending,68
facilities,68
gold,68
narrow,68
pc,68
propagates,68
repetition,68
ridgers,68
test,68
way,68
additional,67
allows,67
cold,67
dangor,67
emittance,67
eqs,67
hand,67
mj,67
optimal,67
parabolic,67
prl,67
relevant,67
rousseau,67
showing,67
term,67
although,66
clarke,66
filter,66
flux,66
injected,66
les,66
longer,66
n0,66
php,66
positrons,66
rather,66
right,66
rms,66
series,66
terms,66
carried,65
change,65
channels,65
es,65
inverse,65
technique,65
typically,65
yields,65
attosecond,64
characterized,64
class,64
crystal,64
e2,64
fully,64
had,64
latter,64
moving,64
orders,64
scalings,64
sin,64
submitted,64
take,64
ultrarelativistic,64
bell,63
coherent,63
interacting,63
perry,63
pho,63
pressure,63
project,63
role,63
them,63
ultrashort,63
xu,63
another,62
bw,62
converter,62
coulomb,62
expansion,62
four,62
gradient,62
introduction,62
norreys,62
regimes,62
uk,62
colliding,61
courtois,61
down,61
far,61
germany,61
ic,61
mourou,61
provided,61
sheng,61
uniform,61
versus,61
absolute,60
accelerating,60
almost,60
approximation,60
clark,60
core,60
correspond,60
minimum,60
tungsten,60
vulcan,60
xed,60
bars,59
beyond,59
calculations,59
geant4,59
indicates,59
lee,59
noise,59
predicted,59
report,59
represent,59
schematic,59
taking,59
activity,58
bone,58
dk,58
electrostatic,58
emit,58
give,58
occur,58
photo,58
remains,58
sheath,58
speed,58
transition,58
unit,58
zhou,58
across,57
analytical,57
attenuation,57
chamber,57
considering,57
hatchett,57
nb,57
radia,57
references,57
transfer,57
ultraintense,57
american,56
contribution,56
general,56
ieee,56
indicate,56
interest,56
moreover,56
path,56
proportional,56
radial,56
requires,56
spectroscopy,56
support,56
x0,56
component,55
detailed,55
edwards,55
efficiency,55
fontaine,55
geddes,55
input,55
instead,55
investigated,55
kneip,55
neutron,55
novel,55
ohmic,55
photonuclear,55
shell,55
type,55
u2,55
upper,55
varied,55
able,54
application,54
burgy,54
ciently,54
compant,54
cowan,54
creation,54
curves,54
dlc,54
dominated,54
e0,54
experi,54
follows,54
kim,54
kostyukov,54
pinhole,54
producing,54
reduce,54
units,54
vs,54
aluminum,53
atoms,53
calculation,53
called,53
cannot,53
changes,53
col,53
counter,53
coupled,53
deposition,53
equations,53
ey,53
letters,53
located,53
rapidly,53
rear,53
signals,53
similarity,53
slope,53
uence,53
ultrahigh,53
york,53
associated,52
brown,52
computed,52
department,52
dif,52
film,52
formation,52
indicated,52
keitel,52
nd,52
overall,52
principle,52
rates,52
sr,52
standard,52
stopping,52
tatarakis,52
techniques,52
tld,52
wu,52
authors,51
backscattering,51
better,51
c1,51
expressed,51
plates,51
related,51
rosmej,51
thz,51
whose,51
already,50
away,50
clear,50
clearly,50
decrease,50
dependent,50
description,50
design,50
formula,50
interact,50
lpa,50
ly,50
make,50
neely,50
output,50
piazza,50
squares,50
usually,50
whereas,50
wire,50
absorbed,49
ac,49
allow,49
band,49
characterization,49
csi,49
debye,49
ection,49
ka,49
ledingham,49
manuscript,49
models,49
nal,49
nearly,49
open,49
possibility,49
practical,49
skin,49
snavely,49
super,49
albert,48
d2,48
dawson,48
demonstrate,48
depend,48
furthermore,48
generating,48
guration,48
inferred,48
k2,48
orbit,48
p2,48
square,48
stability,48
brady,47
breaking,47
calibrated,47
charged,47
cone,47
cycle,47
electronic,47
emin,47
esirkepov,47
excited,47
extremely,47
gures,47
last,47
modeling,47
preformed,47
rise,47
sup,47
texas,47
third,47
together,47
trapping,47
vc,47
zhao,47
boundary,46
caused,46
derived,46
directed,46
dominant,46
extreme,46
kruer,46
layers,46
ments,46
next,46
plastic,46
pure,46
roughly,46
rr,46
significant,46
sity,46
useful,46
variation,46
banerjee,45
communications,45
depending,45
deposited,45
functions,45
glinec,45
interested,45
just,45
maxwellian,45
once,45
positions,45
presence,45
radiative,45
reached,45
shah,45
stack,45
tabak,45
tar,45
uncertainty,45
window,45
capillary,44
cite,44
consists,44
domain,44
edf,44
employed,44
exponential,44
gap,44
having,44
imaged,44
integral,44
irradiation,44
ity,44
kirk,44
later,44
makes,44
mc,44
modi,44
nakamura,44
performance,44
propagate,44
schemes,44
sion,44
spatially,44
summary,44
too,44
toward,44
usa,44
van,44
variations,44
accelerate,43
achieve,43
aperture,43
assume,43
composed,43
currently,43
directions,43
done,43
hundreds,43
kiselev,43
lanex,43
lobe,43
measuring,43
medical,43
oscillating,43
pairs,43
peaks,43
place,43
presents,43
probability,43
reconstructed,43
sensitive,43
showed,43
w0,43
calculate,42
ce,42
commun,42
driving,42
en,42
end,42
fe,42
fit,42
great,42
grid,42
hole,42
included,42
necessary,42
previously,42
produces,42
rapid,42
reference,42
secondary,42
shanghai,42
slow,42
suitable,42
t0,42
zero,42
appears,41
bottom,41
converted,41
corrected,41
crit,41
designed,41
details,41
dipole,41
electrodynamics,41
envelope,41
flow,41
heated,41
improved,41
indeed,41
modes,41
neutrons,41
periodic,41
plot,41
px,41
ranging,41
scatter,41
silva,41
sprangle,41
towards,41
uctuations,41
arber,40
attributed,40
bethe,40
delay,40
dp,40
hz,40
jena,40
let,40
limits,40
mckenna,40
november,40
overlap,40
peaked,40
regions,40
shorter,40
simultaneously,40
spectrometers,40
standing,40
static,40
takes,40
view,40
advantage,39
amount,39
april,39
articles,39
cnf,39
codes,39
components,39
dephasing,39
differential,39
el,39
integrating,39
letter,39
mail,39
metal,39
na,39
ni,39
nps,39
orbits,39
polar,39
prepulse,39
promising,39
quite,39
recirculation,39
run,39
samples,39
separation,39
shock,39
simply,39
solution,39
speci,39
tf,39
until,39
yet,39
again,38
ash,38
basic,38
boltzmann,38
compressed,38
ct,38
cut,38
elect,38
enhancement,38
ez,38
generally,38
group,38
growth,38
instability,38
landoas,38
mackinnon,38
neutral,38
optimized,38
overdense,38
ph,38
proc,38
robinson,38
x2,38
yang,38
arbitrary,37
cells,37
complex,37
correlation,37
december,37
dots,37
easily,37
ectivity,37
effectively,37
experience,37
extended,37
fonseca,37
head,37
heitler,37
incoherent,37
indicating,37
interacts,37
langmui,37
liquid,37
local,37
martins,37
pattern,37
pennington,37
reasonable,37
shaping,37
simula,37
ssion,37
tail,37
ts,37
written,37
contributions,36
dec,36
deduced,36
dimensionless,36
dis,36
explained,36
followed,36
impact,36
implies,36
lled,36
maksimchuk,36
opening,36
ranges,36
schreiber,36
separated,36
sharp,36
sma,36
society,36
stoeckl,36
t2,36
tons,36
valid,36
acknowledgments,35
advanced,35
appear,35
areal,35
backscattered,35
borghesi,35
broadband,35
computational,35
damping,35
decay,35
describes,35
determine,35
device,35
discussion,35
doppler,35
emitting,35
evidence,35
february,35
gu,35
habs,35
include,35
langdon,35
likely,35
need,35
nucleus,35
objects,35
observe,35
powers,35
qiao,35
rela,35
return,35
screening,35
species,35
springer,35
topical,35
united,35
what,35
widely,35
you,35
approximated,34
behavior,34
ch,34
coef,34
cole,34
create,34
degree,34
describe,34
edges,34
edu,34
emissions,34
epoch,34
external,34
france,34
golovin,34
gray,34
icl,34
ignition,34
improve,34
interesting,34
magnets,34
major,34
monochromatic,34
needed,34
opacity,34
optimum,34
park,34
pointing,34
quasistatic,34
reduces,34
reduction,34
santala,34
sarri,34
scientific,34
sensitivity,34
though,34
ton,34
turn,34
varies,34
whole,34
zhu,34
beijing,33
cn,33
configuration,33
consequently,33
contained,33
counterpropagating,33
dee,33
distributed,33
early,33
fp,33
hd,33
heavy,33
ics,33
instabi,33
integration,33
investigate,33
july,33
koga,33
lawrence,33
least,33
lengths,33
macroparticles,33
matched,33
mg,33
micro,33
nerush,33
nozzle,33
r0,33
ra,33
s1,33
sect,33
si,33
t1,33
ve,33
wiggling,33
allowing,32
ar,32
ation,32
august,32
bennett,32
bin,32
cipiccia,32
circular,32
combination,32
combined,32
consisting,32
containing,32
den,32
du,32
ei,32
every,32
extracted,32
helium,32
inner,32
jaroszynski,32
kingdom,32
kp,32
landau,32
livermore,32
mec2,32
ment,32
modulation,32
natural,32
neglected,32
njp,32
plots,32
radiograph,32
real,32
rechatin,32
reconstruction,32
reflected,32
refs,32
row,32
sciences,32
sentoku,32
soft,32
tnsa,32
transitions,32
white,32
always,31
avoid,31
b5,31
compare,31
conducted,31
differences,31
discuss,31
eli,31
hartemann,31
heat,31
hooker,31
independent,31
instance,31
magill,31
periods,31
phillips,31
population,31
positioned,31
providing,31
remain,31
rese,31
sizes,31
spontaneous,31
ting,31
understand,31
uses,31
access,30
acknowledge,30
af,30
algorithm,30
brilliant,30
cbs,30
chang,30
changing,30
comparing,30
davoine,30
demonstration,30
diffusion,30
ecrit,30
engineering,30
entire,30
entrance,30
equivalent,30
especially,30
express,30
fermi,30
foster,30
foundation,30
hed,30
hydrodynamic,30
index,30
johnson,30
joshi,30
knowledge,30
map,30
maximal,30
mea,30
mpw,30
multiphoton,30
naturephotonics,30
numerically,30
oscillate,30
p0,30
parallel,30
patel,30
radiat,30
radiographic,30
raw,30
reaching,30
schwoerer,30
shifted,30
simu,30
sov,30
tbs,30
ten,30
upon,30
waist,30
wei,30
years,30
astrophysics,29
audebert,29
ca,29
chirped,29
choice,29
complete,29
compression,29
corre,29
covered,29
em,29
fixed,29
giant,29
giulietti,29
gordienko,29
i0,29
inter,29
kodama,29
ld,29
medium,29
mode,29
modeled,29
mrad2,29
n1,29
nevertheless,29
noted,29
pegoraro,29
penumbral,29
pp,29
referred,29
s41467,29
sangster,29
sase,29
shift,29
slab,29
spencer,29
steady,29
tl,29
transmutation,29
accurate,28
amplitudes,28
appleton,28
arrays,28
collimator,28
disks,28
electro,28
forming,28
gahn,28
gibbon,28
gradients,28
gurations,28
ideal,28
importance,28
interval,28
isotropic,28
koch,28
lamentation,28
levels,28
medicine,28
meyerhofer,28
modulated,28
mostly,28
movable,28
nano,28
ones,28
outside,28
pa,28
phosphor,28
play,28
rising,28
ross,28
roth,28
rutherford,28
sapphire,28
singh,28
situation,28
thank,28
tomography,28
transparent,28
ultrathin,28
undergo,28
warm,28
watts,28
accuracy,27
affect,27
allott,27
andreev,27
backward,27
centre,27
continuous,27
decreasing,27
despite,27
deviation,27
dimensions,27
divided,27
doses,27
dromey,27
efficient,27
emax,27
excitation,27
feature,27
figures,27
fritzler,27
ghebregziabher,27
giving,27
guided,27
help,27
hit,27
ibid,27
identical,27
ies,27
inten,27
investigation,27
k0,27
ku,27
led,27
mccanny,27
microns,27
mm2,27
myatt,27
nanosecond,27
needs,27
operating,27
perform,27
permanent,27
plateau,27
problem,27
program,27
pulsed,27
realized,27
resistive,27
singhal,27
slice,27
stronger,27
suggest,27
torrisi,27
tsakiris,27
ture,27
understanding,27
vary,27
version,27
vi,27
walton,27
weakly,27
wires,27
xfel,27
zh,27
accelera,26
agree,26
am,26
analyzed,26
assumption,26
ated,26
backlighter,26
bound,26
brunetti,26
bution,26
calibration,26
cascade,26
characterize,26
clustering,26
cylindrical,26
determines,26
distribu,26
dr,26
drops,26
elfie,26
er,26
fluids,26
greatly,26
homogeneous,26
il,26
inertial,26
instruments,26
jets,26
kando,26
lin,26
lundh,26
m2,26
making,26
matching,26
maxwell,26
might,26
min,26
mora,26
mt,26
parabola,26
phenomena,26
potentially,26
quasimonoenergetic,26
realistic,26
republic,26
seltzer,26
sic,26
special,26
structures,26
suppressed,26
thaury,26
traces,26
transparency,26
trum,26
uranium,26
variable,26
yokes,26
arrival,25
ber,25
berger,25
catravas,25
centered,25
circularly,25
cluster,25
collimation,25
comput,25
contribute,25
cooling,25
creative,25
cutoff,25
delivered,25
develop,25
devices,25
discussions,25
enhance,25
ensure,25
fces,25
filters,25
groups,25
incoming,25
instabilities,25
little,25
llnl,25
machacek,25
nanofoil,25
ncr,25
num,25
occurring,25
pb,25
pedestal,25
progress,25
psl,25
require,25
responsible,25
rf,25
ride,25
saturation,25
soc,25
sum,25
tafzi,25
tsung,25
uncertainties,25
unity,25
visible,25
vranic,25
weak,25
wedge,25
actual,24
addressed,24
agrees,24
allowed,24
art,24
azimuthal,24
backscatter,24
blowout,24
character,24
cho,24
clayton,24
co,24
completely,24
correct,24
correction,24
dain,24
detail,24
diamond,24
differ,24
distri,24
duclous,24
escaping,24
expressions,24
fitour,24
fuchs,24
iqi,24
ir,24
irradiating,24
kar,24
korn,24
law,24
lifshitz,24
match,24
ml,24
nement,24
nite,24
panel,24
positive,24
prog,24
proper,24
radi,24
random,24
requirements,24
rt,24
shaped,24
shen,24
slac,24
smith,24
sufficient,24
travel,24
trident,24
tsai,24
tzoufras,24
wark,24
works,24
affected,23
alternative,23
aluminium,23
b0,23
column,23
comes,23
commons,23
competing,23
conf,23
cost,23
cr,23
cs,23
currents,23
curvature,23
denotes,23
detect,23
direc,23
dispersion,23
dn,23
edited,23
employing,23
enable,23
errors,23
estimation,23
evaluated,23
evans,23
expect,23
extending,23
extends,23
extremes,23
factors,23
final,23
forces,23
glass,23
gz,23
henderson,23
hunt,23
hydrogen,23
i1,23
ight,23
interac,23
isotopes,23
ist,23
istic,23
itself,23
ized,23
june,23
katsouleas,23
knife,23
lb,23
lost,23
med,23
move,23
naturecommunications,23
npa,23
past,23
prior,23
pz,23
quickly,23
radiate,23
recoil,23
refer,23
relaxation,23
reso,23
round,23
santos,23
scienti,23
selected,23
solutions,23
steel,23
steep,23
suggested,23
superponderomotive,23
supersonic,23
symmetric,23
tilborg,23
toth,23
transversely,23
tted,23
unique,23
xph,23
yanovsky,23
yielding,23
ability,22
achievable,22
acts,22
among,22
approaches,22
arises,22
backside,22
basis,22
boundaries,22
broadening,22
bs,22
c6,22
cascaded,22
cause,22
cea,22
collective,22
conclusions,22
contains,22
crossing,22
cse,22
deutsche,22
duced,22
dynamic,22
elaser,22
eration,22
faster,22
going,22
gremillet,22
hamilton,22
illustrated,22
interests,22
linac,22
link,22
location,22
micrometer,22
micron,22
mo,22
murphy,22
nanowire,22
nees,22
nonrelativistic,22
nrf,22
october,22
original,22
parts,22
photofission,22
projection,22
ron,22
rotation,22
rpa,22
sb,22
separate,22
september,22
sets,22
shadow,22
sim,22
slowly,22
spherical,22
structured,22
subject,22
symbols,22
tem,22
tempera,22
tikhonchuk,22
tional,22
tive,22
tivistic,22
tting,22
unstable,22
velocities,22
xel,22
abstract,21
acceptance,21
akli,21
appropriate,21
asymptotic,21
capable,21
developments,21
dimension,21
distances,21
dv,21
ects,21
equilibrium,21
fluorescence,21
frequencies,21
gesellschaft,21
goddet,21
goldsack,21
gonsalves,21
graphene,21
hatsagortsyan,21
hundred,21
hv,21
jackson,21
kj,21
krausz,21
llc,21
ltered,21
mental,21
mid,21
mono,21
mounted,21
mum,21
n2,21
naumova,21
ness,21
nos,21
np,21
oap,21
omega,21
opaque,21
operated,21
owing,21
patterns,21
physikalische,21
pixel,21
pla,21
planck,21
portion,21
quantities,21
r1,21
radio,21
reads,21
sampled,21
scan,21
schlenvoigt,21
shadows,21
shadwick,21
starts,21
thanks,21
tn,21
transient,21
twice,21
variables,21
wavelengths,21
xi,21
accelerates,20
address,20
adjusted,20
ahmed,20
areas,20
astronomy,20
attribution,20
austin,20
bit,20
bremsstrah,20
cally,20
cascades,20
circle,20
circles,20
closely,20
cm3,20
common,20
commonly,20
consequence,20
distinct,20
dosimeter,20
dp2,20
driver,20
ducial,20
eedf,20
element,20
elements,20
embedded,20
epsrc,20
exceed,20
exceeding,20
exhibit,20
exper,20
fission,20
foams,20
fourmaux,20
freeman,20
fss,20
gets,20
gordon,20
grants,20
ground,20
guiding,20
helical,20
induce,20
ips,20
kemp,20
laments,20
lifschitz,20
lung,20
macchi,20
mec,20
net,20
nominal,20
nor,20
pass,20
passing,20
pe,20
plays,20
powerful,20
press,20
primarily,20
rb,20
refers,20
relat,20
remington,20
satis,20
scheurer,20
seems,20
solids,20
stephens,20
stream,20
synchronized,20
tfd,20
thesis,20
trace,20
tuning,20
universit,20
voltage,20
weaker,20
weber,20
wheeler,20
wiggins,20
absorbing,19
adiabatic,19
advantages,19
amplification,19
analytic,19
besides,19
block,19
bourgade,19
breit,19
cal,19
challenging,19
coherence,19
computer,19
conclude,19
consistently,19
contract,19
coordinates,19
correspondence,19
darbon,19
decreased,19
defined,19
depletion,19
der,19
determining,19
directivity,19
displays,19
diver,19
dosimeters,19
electrodes,19
enables,19
escape,19
events,19
ever,19
exceeds,19
expanding,19
formulas,19
fr,19
fre,19
ful,19
gemini,19
gen,19
gence,19
guo,19
harvey,19
hybrid,19
ia,19
im,19
infer,19
instantaneous,19
introduced,19
jetp,19
kb,19
khudik,19
kk,19
lambert,19
lated,19
liang,19
martin,19
morel,19
nanopore,19
ncomms2988,19
nist,19
normally,19
often,19
optically,19
optimization,19
overcome,19
oxford,19
parametric,19
particularly,19
planar,19
predictions,19
price,19
py,19
q2,19
quantitative,19
quiver,19
rajeev,19
reflection,19
reproduced,19
reserved,19
rights,19
ring,19
sauerbrey,19
scanning,19
scat,19
schumaker,19
showering,19
sides,19
significantly,19
similarly,19
sinusoidal,19
snapshots,19
sphere,19
stimulated,19
stoyer,19
subsequent,19
supra,19
surfaces,19
synchronization,19
tailored,19
td,19
technol,19
tested,19
throughout,19
tpw,19
undergoing,19
undulators,19
uxing,19
vieira,19
vii,19
wiley,19
yi,19
z2,19
action,18
active,18
aligned,18
ap,18
approximate,18
atom,18
averaging,18
barty,18
bellei,18
bessel,18
brems,18
c0,18
calculating,18
cao,18
causes,18
certain,18
chemical,18
clusters,18
come,18
creates,18
crystals,18
deposit,18
ergy,18
es1,18
european,18
experienced,18
exponentially,18
extend,18
films,18
galy,18
gel,18
generates,18
gobet,18
hannachi,18
henry,18
hu,18
identi,18
illustrates,18
immobile,18
imperial,18
improvements,18
inspection,18
institut,18
ji,18
keep,18
kept,18
kv,18
mag,18
maxi,18
mentioned,18
mima,18
mirrors,18
moran,18
nanobunch,18
nebraska,18
nition,18
otherwise,18
partially,18
perspectives,18
precisely,18
predict,18
prevent,18
realization,18
relativ,18
restricted,18
rmed,18
rons,18
ruhl,18
schoenlein,18
sebban,18
shanks,18
shvets,18
silicon,18
silver,18
simpli,18
simulate,18
sokolov,18
spots,18
steps,18
strahlung,18
suggests,18
symes,18
tech,18
terawatt,18
unchanged,18
underlying,18
usual,18
witte,18
world,18
yielded,18
acquired,17
advances,17
alignment,17
anderson,17
bifurcation,17
br,17
c3,17
capture,17
chapter,17
checked,17
combining,17
compares,17
compute,17
computing,17
continuously,17
contour,17
convert,17
coordinate,17
defense,17
dne,17
dominates,17
downstream,17
durations,17
ener,17
entering,17
ersfeld,17
etc,17
evaluate,17
event,17
eventually,17
except,17
existing,17
feasibility,17
femtoseconds,17
find,17
fine,17
fitting,17
ge,17
gizzi,17
international,17
intervals,17
isotope,17
japan,17
kdrbr,17
klimo,17
lms,17
lwfas,17
macmillan,17
mc2,17
mcnpx,17
millimeter,17
modena,17
modest,17
molecular,17
moment,17
moved,17
namely,17
netic,17
nuclei,17
obvious,17
opposite,17
pacs,17
passes,17
peking,17
pierce,17
pixels,17
poor,17
precise,17
probing,17
pronounced,17
publishers,17
quency,17
rd,17
reason,17
record,17
relation,17
respective,17
rises,17
route,17
shaded,17
sinclair,17
six,17
starting,17
substantially,17
ties,17
tor,17
transmittance,17
triangles,17
tube,17
types,17
u3,17
um,17
understood,17
wagner,17
wall,17
xanes,17
absorbers,16
academy,16
actually,16
additionally,16
against,16
attached,16
beginning,16
blackburn,16
buck,16
california,16
cambridge,16
cary,16
chemin,16
chvykov,16
coated,16
conference,16
controlling,16
copious,16
date,16
delivers,16
demonstrates,16
describing,16
did,16
displacement,16
dominate,16
drives,16
emerging,16
emis,16
enabled,16
eng,16
enters,16
equals,16
exact,16
excellent,16
experiences,16
explored,16
extension,16
fang,16
fci2,16
fiz,16
fluctuations,16
follow,16
forms,16
friction,16
g2,16
hamiltonian,16
heathcote,16
hegelich,16
i2,16
identify,16
independently,16
interface,16
interpolation,16
intrinsic,16
iron,16
issac,16
john,16
kd,16
king,16
l2,16
lations,16
laws,16
leng,16
lim,16
lose,16
lpas,16
magni,16
marklund,16
meanwhile,16
mecha,16
michigan,16
ministry,16
modelling,16
onset,16
operate,16
oxide,16
p1,16
page,16
pretzler,16
projects,16
question,16
ramp,16
randomly,16
reducing,16
rough,16
sanderson,16
satisfy,16
seeding,16
shielding,16
split,16
start,16
supplemental,16
symmetry,16
tampo,16
tarisien,16
ted,16
tial,16
tively,16
toee,16
tof,16
tong,16
trabecular,16
transform,16
tuned,16
uhi,16
unprecedented,16
uschmann,16
vieux,16
vlasov,16
weight,16
wh,16
willingale,16
xie,16
xl,16
xuv,16
yin,16
yoke,16
z0,16
alone,15
analyze,15
anania,15
arctan,15
astrophysical,15
balance,15
biological,15
bourgeois,15
brunel,15
campbell,15
cancer,15
ch2,15
check,15
confinement,15
consecutive,15
constructed,15
council,15
counts,15
czech,15
deliver,15
delivering,15
determination,15
doe,15
doubled,15
education,15
efficiently,15
ence,15
essentially,15
established,15
estimations,15
explore,15
fedotov,15
femto,15
fk,15
fourier,15
fuji,15
gener,15
gov,15
ho,15
holds,15
hosokai,15
ilderton,15
individual,15
instrument,15
introduce,15
iphs,15
islam,15
ive,15
kaluza,15
kind,15
kumar,15
lation,15
lived,15
lobes,15
localized,15
lyso,15
macphee,15
macro,15
marked,15
mathematics,15
melting,15
mercier,15
moderate,15
nakajima,15
nanowires,15
nel,15
operation,15
p3,15
par,15
percent,15
potentials,15
practice,15
procedure,15
propagated,15
prove,15
r2,15
radii,15
ratios,15
reflectivity,15
relies,15
remainder,15
reports,15
representing,15
resistivity,15
resulted,15
reviewed,15
rom,15
root,15
running,15
schwinger,15
scintillating,15
ser,15
somewhat,15
specific,15
stochastic,15
subsequently,15
sufficiently,15
tabletop,15
tends,15
terahertz,15
tering,15
theoretically,15
timescale,15
tomassini,15
tool,15
topic,15
tps,15
tr,15
transported,15
undergoes,15
vb,15
volumetric,15
wavefront,15
wcm,15
weighted,15
weights,15
welsh,15
whittum,15
working,15
xas,15
xd,15
yeung,15
zn,15
acceler,14
accounts,14
added,14
assembly,14
assumes,14
attained,14
attractive,14
aver,14
ben,14
bene,14
bychenkov,14
carroll,14
cd,14
charges,14
ciencies,14
collected,14
college,14
colli,14
complicated,14
compressor,14
conductivity,14
consisted,14
continue,14
contributed,14
correlated,14
corvan,14
cpa,14
crucial,14
cult,14
dark,14
decade,14
deconvolution,14
deep,14
denote,14
deviations,14
discrete,14
displayed,14
divall,14
dnc,14
downer,14
earlier,14
ecting,14
eight,14
electrical,14
enhances,14
erated,14
essential,14
eu,14
evolving,14
exactly,14
exists,14
extent,14
flat,14
flychk,14
fu,14
grows,14
hernandez,14
hotspots,14
ica,14
illustrate,14
includes,14
inte,14
irradiance,14
isiona,14
izumi,14
keeping,14
kh,14
kinds,14
lasinski,14
lattice,14
liesfeld,14
limitations,14
literature,14
losses,14
ltering,14
lution,14
maintain,14
marsh,14
mcguffey,14
meas,14
metallic,14
mol,14
motivated,14
ms,14
nagel,14
narozhny,14
negative,14
nozzles,14
ob,14
observations,14
offers,14
orange,14
organized,14
penetrate,14
penetration,14
picture,14
ping,14
polytechnique,14
primary,14
product,14
products,14
properly,14
propose,14
put,14
qualitative,14
qualitatively,14
radiates,14
radiographs,14
rat,14
rc,14
reg,14
reveal,14
rsit,14
security,14
setups,14
shea,14
shielded,14
simplicity,14
simultaneous,14
sn,14
soon,14
sponding,14
stages,14
storage,14
structural,14
studying,14
sur,14
sured,14
takahashi,14
tamburini,14
technical,14
thinner,14
thirolf,14
tightly,14
timepix,14
tlds,14
tommasini,14
track,14
transformation,14
treatment,14
trend,14
tribution,14
uniformly,14
uorescence,14
v2,14
validity,14
veisz,14
verse,14
von,14
waste,14
whether,14
wiggled,14
wilson,14
write,14
absolutely,13
accumulated,13
acknowledgements,13
affects,13
ag,13
amthor,13
analogous,13
annihilation,13
applying,13
arise,13
arising,13
assess,13
attractor,13
availability,13
ax,13
b2,13
bar,13
bas,13
begin,13
belfast,13
benedetti,13
biol,13
bonifacio,13
capacitor,13
causing,13
centimeter,13
cm23,13
co2,13
comparisons,13
concentration,13
concept,13
consideration,13
constants,13
contributes,13
database,13
day,13
decades,13
declare,13
deflected,13
degrees,13
depleted,13
deuterium,13
dias,13
directional,13
discrepancy,13
dramatically,13
drop,13
ds,13
eav,13
eksp,13
emits,13
eonard,13
escaped,13
eur,13
face,13
feasible,13
filamentation,13
forced,13
framework,13
gauthier,13
glasgow,13
grismayer,13
hafz,13
happens,13
ht,13
ich,13
ilp,13
impor,13
industry,13
int,13
interference,13
investigations,13
iop,13
jiang,13
karsch,13
kmetec,13
landen,13
largest,13
lcls,13
lemos,13
los,13
macroparticle,13
manner,13
mclean,13
mesh,13
meters,13
modified,13
momenta,13
mylar,13
nally,13
nanometer,13
nanoparticles,13
neglect,13
neumayer,13
nf,13
nilson,13
nowadays,13
nph,13
objective,13
observing,13
optimizing,13
origin,13
orthogonal,13
overcritical,13
perature,13
photoneutron,13
picoseconds,13
pien,13
pku,13
pl,13
pollock,13
preparation,13
principles,13
proceedings,13
profiles,13
propa,13
quantity,13
radiology,13
rads,13
rayleigh,13
remaining,13
reprints,13
revised,13
rget,13
rotating,13
rozmus,13
samsonova,13
sawada,13
scenario,13
schollmeier,13
seed,13
sefcik,13
sented,13
sh,13
shower,13
siders,13
sig,13
signatures,13
sized,13
slower,13
spectrally,13
spent,13
spielmann,13
splitter,13
staff,13
stars,13
stringent,13
substantial,13
successful,13
tables,13
teor,13
theobald,13
traveling,13
universal,13
v0,13
vz,13
westover,13
xn,13
yasuike,13
absorp,12
accounting,12
accurately,12
adding,12
aedy,12
aim,12
amiranoff,12
amounts,12
anode,12
apparent,12
approaching,12
argon,12
ase,12
aspect,12
attenuated,12
axes,12
bazzoli,12
bc,12
brambrink,12
bz,12
calcu,12
canonical,12
challenge,12
chinese,12
circuit,12
cnrs,12
collide,12
collier,12
colour,12
condensed,12
const,12
corrections,12
counting,12
cutroneo,12
danson,12
davies,12
decelerat,12
depicted,12
derive,12
disk,12
ditmire,12
dong,12
drift,12
dual,12
ect,12
ee0,12
eff,12
enclosed,12
endf,12
ensures,12
exafs,12
excess,12
expelled,12
extract,12
five,12
fold,12
former,12
fountain,12
gained,12
gao,12
gazave,12
gdr,12
geissler,12
gerbaux,12
gibson,12
glinsky,12
goal,12
gomez,12
gonoskov,12
guide,12
h0,12
hold,12
human,12
humie,12
illustration,12
implementation,12
implemented,12
indirect,12
infrastructure,12
interferometry,12
internal,12
jiao,12
khaghani,12
khrennikov,12
kondo,12
laboratories,12
lagrange,12
len,12
lincoln,12
ll,12
load,12
log,12
lowest,12
ls,12
maneuski,12
mastrosimone,12
matches,12
mater,12
merging,12
microfocus,12
minimize,12
multiplying,12
n5,12
ner,12
nlse,12
nr,12
numerous,12
obtains,12
offer,12
onard,12
opens,12
originating,12
oscillates,12
osl,12
overview,12
ow,12
passed,12
penetrating,12
people,12
permits,12
pichoff,12
platform,12
po,12
precision,12
predicts,12
preferentially,12
preliminary,12
proof,12
publication,12
ral,12
readily,12
refractive,12
reliable,12
remarkable,12
removed,12
ren,12
rouyer,12
runs,12
s0,12
scenarios,12
schmid,12
screened,12
sde,12
sequence,12
shg,12
shocks,12
sign,12
signature,12
snapshot,12
spaced,12
statistics,12
successfully,12
suppression,12
surrounding,12
systematic,12
tant,12
tc,12
teff,12
thicker,12
toncian,12
transferred,12
tum,12
un,12
ur,12
vertically,12
why,12
woerkom,12
xp,12
xt,12
absorb,11
absorber,11
accessible,11
acknowledges,11
advent,11
ah,11
amplified,11
analysed,11
approxi,11
aps,11
astra,11
backwards,11
batani,11
beiersdorfer,11
berlin,11
blown,11
body,11
bonlie,11
bonnaud,11
broader,11
bsz,11
capability,11
cas,11
chin,11
cochet,11
collection,11
collides,11
computation,11
cond,11
constraints,11
contain,11
content,11
context,11
conven,11
conver,11
crosses,11
ctr,11
cylindrically,11
dam,11
damage,11
darmstadt,11
dence,11
denoted,11
develops,11
dexp,11
dielectric,11
discharge,11
disdier,11
dispersed,11
division,11
dorchies,11
duction,11
e1,11
e4,11
eb,11
elastic,11
enhancing,11
ent,11
entered,11
entirely,11
es2,11
evolutions,11
evolves,11
examples,11
existence,11
experimen,11
explain,11
explicitly,11
fa9550,11
ferent,11
financial,11
finite,11
flash,11
fluctuation,11
fluid,11
fourth,11
func,11
funded,11
gauge,11
governed,11
gw,11
gy,11
h2,11
harris,11
hey,11
highlight,11
hmts,11
homeland,11
hp,11
immediately,11
infrared,11
inherent,11
injector,11
innovation,11
insight,11
interferometer,11
intermediate,11
interpretation,11
jirka,11
jitter,11
kapteyn,11
khz,11
korea,11
krall,11
l3,11
lab,11
lack,11
layout,11
lenses,11
lg,11
lies,11
limiting,11
locally,11
lr,11
ltd,11
magnetized,11
matsuoka,11
maximized,11
meaning,11
measurable,11
mechanics,11
mi,11
miquel,11
mixture,11
modify,11
moves,11
murnane,11
nancial,11
nanostructured,11
narrower,11
ndings,11
nism,11
op,11
optic,11
optimize,11
osiris,11
overestimated,11
oxygen,11
passoni,11
pergamon,11
pirozhkov,11
post,11
poten,11
pr,11
prediction,11
problems,11
prop,11
prospect,11
prospects,11
rable,11
ramsay,11
reader,11
readout,11
regard,11
replaced,11
reproducibility,11
requests,11
requirement,11
respec,11
rl,11
rm,11
robust,11
room,11
rsf,11
rsi,11
russia,11
s2,11
scintillators,11
scott,11
semiconductor,11
setting,11
sg,11
shepherd,11
shlyaptsev,11
sible,11
stabi,11
stanford,11
stark,11
streeter,11
summarized,11
syn,11
synchro,11
synchrotrons,11
tails,11
tanaka,11
tensity,11
therapy,11
thereby,11
therein,11
tissue,11
today,11
tools,11
toyama,11
tubes,11
ucos,11
uni,11
up0u,11
variety,11
vp,11
walker,11
waveguide,11
weibel,11
williams,11
worldwide,11
worth,11
y2,11
young,11
absence,10
activities,10
adequate,10
adjustable,10
age,10
alamos,10
angularly,10
annealing,10
appendix,10
apply,10
aspects,10
astrophys,10
attention,10
baton,10
beck,10
blocked,10
blow,10
boost,10
bq,10
bruhwiler,10
bursts,10
cavitated,10
centred,10
challenges,10
changed,10
characterizing,10
chem,10
coincides,10
comoving,10
compensated,10
confined,10
considerable,10
cooperation,10
cor,10
course,10
cycles,10
db,10
debris,10
dedicated,10
delettrez,10
detec,10
detecting,10
dgz,10
diamonds,10
differs,10
difficult,10
ditions,10
dnoh,10
ej,10
elementary,10
elliptical,10
emitter,10
epeak,10
equipment,10
estimates,10
eter,10
evident,10
evolve,10
expanded,10
extensively,10
f0,10
falls,10
foreseen,10
fubiani,10
gallacher,10
geometric,10
getic,10
gies,10
gopal,10
gradually,10
grating,10
hawkes,10
height,10
highlighted,10
highlights,10
holder,10
holes,10
illuminated,10
implying,10
industrial,10
inserted,10
integrals,10
interpreted,10
intrinsically,10
issue,10
joule,10
jung,10
k1,10
ke,10
ki,10
kt,10
lament,10
lar,10
late,10
lau,10
leave,10
ler,10
limitation,10
lobet,10
locations,10
locking,10
longitudinally,10
look,10
luminescence,10
luo,10
maddox,10
maps,10
measures,10
mechanical,10
meth,10
moscow,10
naturally,10
nieter,10
nitely,10
nitrogen,10
obtaining,10
optique,10
oriented,10
oscillatory,10
outer,10
own,10
pak,10
parnell,10
pdf,10
permission,10
phases,10
pikuz,10
port,10
pos,10
prague,10
prot,10
qk,10
qu,10
radioisotopes,10
radiological,10
realize,10
realizing,10
rely,10
resources,10
rj,10
rocca,10
rousseaux,10
rte,10
rule,10
sakai,10
scaled,10
schlegel,10
schnell,10
select,10
severely,10
shank,10
shapes,10
shaw,10
sircombe,10
sities,10
spacing,10
spatiotemporal,10
spect,10
sponds,10
squared,10
storm,10
straightforward,10
strengths,10
sun,10
suppress,10
tailoring,10
technologies,10
tend,10
text,10
thresholds,10
tially,10
tilde,10
tilted,10
tracking,10
turbulence,10
turning,10
uctuation,10
uid,10
vanishes,10
vg,10
wakefields,10
ways,10
wenz,10
widths,10
yellow,10
zgadzaj,10
accordance,9
acting,9
ad,9
adjusting,9
affiliations,9
agostinelli,9
analytically,9
annulus,9
applica,9
applique,9
arefiev,9
arpajon,9
arrangement,9
arrives,9
assumptions,9
bands,9
bandwidths,9
begins,9
berkeley,9
boring,9
bounded,9
brighter,9
bula,9
c5,9
capillaries,9
capt,9
captured,9
cations,9
cc,9
ces,9
cha,9
characterisation,9
choose,9
ci,9
cial,9
coherently,9
collisionless,9
community,9
conceived,9
condi,9
conserved,9
considerably,9
consist,9
construction,9
continuum,9
contributing,9
convenient,9
covering,9
creating,9
cunningham,9
curved,9
daido,9
dash,9
deg,9
del,9
demon,9
depict,9
derivative,9
drag,9
dura,9
dw,9
dx0,9
dz,9
empty,9
environment,9
eot,9
evaluation,9
exchange,9
excite,9
exhibits,9
exist,9
expands,9
exposure,9
findlay,9
fiuza,9
formalism,9
formulated,9
fringe,9
functional,9
galimberti,9
garching,9
geindre,9
genera,9
graham,9
grated,9
gsi,9
gwangju,9
haden,9
haines,9
hall,9
har,9
history,9
hollinger,9
honrubia,9
hosing,9
hulin,9
identified,9
ign,9
impacts,9
improvement,9
inci,9
induces,9
instituto,9
intensi,9
interplay,9
invariant,9
inversely,9
involved,9
involves,9
ionisation,9
ionize,9
ionizing,9
irradiates,9
ismail,9
iso,9
isosurface,9
italy,9
ith,9
ix,9
izat,9
j0,9
james,9
jc,9
jones,9
kaplan,9
keywords,9
kieffer,9
kntn,9
l1,9
laue,9
lemoff,9
leopard,9
lineouts,9
list,9
loses,9
lso,9
ltf,9
m1,9
macklin,9
majority,9
malized,9
martinez,9
mated,9
md,9
meter,9
metric,9
micrometric,9
middle,9
mixed,9
modern,9
nanofoam,9
neglecting,9
nickles,9
nif,9
nova,9
nphoton.2013,9
nsfc,9
nth,9
nu,9
option,9
oscillator,9
ot,9
others,9
overlapped,9
ox11,9
pack,9
pared,9
paris,9
participating,9
paul,9
peaking,9
pen,9
permittivity,9
pinching,9
pinholes,9
poder,9
prepared,9
pressures,9
probably,9
purely,9
purple,9
quan,9
quasimonochromatic,9
r5,9
radian,9
radioactive,9
rameters,9
reactor,9
ready,9
rectangular,9
reed,9
regarding,9
reinjected,9
rel,9
repre,9
request,9
residual,9
resolutions,9
reviews,9
rochester,9
rod,9
roles,9
rong,9
rose,9
ry,9
s24d,9
s3,9
sal,9
sampling,9
sandner,9
scal,9
school,9
sector,9
segment,9
sergeev,9
serve,9
served,9
shenzhen,9
sherlock,9
shkolnikov,9
sight,9
sions,9
sk,9
slight,9
smra,9
solve,9
solved,9
specifically,9
stant,9
statistical,9
stfc,9
subpicosecond,9
suggesting,9
suited,9
tabulated,9
tance,9
temper,9
temporally,9
thermalization,9
thorp,9
timing,9
tk,9
tors,9
tory,9
tot,9
tracing,9
tracked,9
trip,9
tunability,9
tween,9
undisturbed,9
uniformity,9
unperturbed,9
virtual,9
volt,9
voxel,9
vph,9
walls,9
wharton,9
xcom,9
y0,9
zhuo,9
zi,9
zmax,9
achieving,8
acquisition,8
act,8
addi,8
aforementioned,8
ange,8
angstrom,8
ann,8
annual,8
annular,8
approx,8
arxiv,8
assistance,8
asymmetric,8
attracted,8
attribute,8
aurand,8
autocorrelation,8
az,8
backing,8
baier,8
baine,8
balancing,8
beamlines,8
became,8
behaviour,8
bers,8
beta,8
ble,8
bordeaux,8
born,8
boscheron,8
brief,8
broadened,8
careful,8
cavalleri,8
cavities,8
cdtlaser,8
centimeters,8
centimetre,8
cfad,8
chain,8
chance,8
channeling,8
chattopadhyay,8
chip,8
chirp,8
chung,8
claverie,8
closed,8
closer,8
composition,8
correctly,8
cover,8
creativecommons,8
cresswell,8
creswell,8
cryogenic,8
cyan,8
d1,8
debayle,8
decker,8
deconvolved,8
deeper,8
deflection,8
degrade,8
demonstrating,8
desired,8
destructive,8
deter,8
diagnosis,8
diagram,8
didcot,8
diodes,8
dirac,8
display,8
distortion,8
domi,8
doped,8
dramatic,8
drbr,8
drt,8
duce,8
dur,8
dy,8
edgeglow,8
ejected,8
elsevier,8
email,8
emulsion,8
encountered,8
endo,8
ensta,8
equa,8
equilibration,8
estabrook,8
examine,8
examined,8
explosives,8
exposed,8
fairly,8
fg02,8
fle,8
flight,8
focussed,8
fractional,8
frankfurt,8
fresnel,8
fuel,8
gation,8
glover,8
goes,8
graphic,8
gregori,8
grenier,8
grey,8
grow,8
gru,8
hammel,8
hc,8
heigoldt,8
hidding,8
higginson,8
hoffmann,8
hydrodynamics,8
icf,8
ideally,8
imply,8
indicator,8
initialized,8
interacted,8
interior,8
introducing,8
iona,8
iter,8
kalmykov,8
kaymak,8
kennedy,8
know,8
koenig,8
kreuzer,8
kz,8
labate,8
labaune,8
labelled,8
laboratoire,8
lancaster,8
langley,8
larmor,8
las,8
lc,8
leaving,8
lect,8
licenses,8
lidove,8
liseykina,8
listed,8
litvinenko,8
loa,8
luminosity,8
m0,8
m3,8
machine,8
madey,8
mao,8
marque,8
mason,8
mat,8
mately,8
media,8
mega,8
met,8
metals,8
micrometers,8
mikhailova,8
minimal,8
moderately,8
molybdenum,8
multiplied,8
nei,8
ning,8
nonlinearity,8
notable,8
nphoton.2017,8
null,8
nuter,8
oblique,8
obviously,8
odd,8
operates,8
originally,8
osterhoff,8
overlapping,8
palaiseau,8
palmer,8
param,8
pellegrini,8
perturbation,8
petrillo,8
phenomenon,8
physik,8
planes,8
ple,8
porkolab,8
portugal,8
presently,8
prevents,8
promise,8
pugachev,8
pumped,8
pushes,8
radiating,8
radiations,8
radiotherapy,8
raman,8
reasons,8
refraction,8
relationship,8
remarkably,8
remove,8
reproduce,8
reproduces,8
resonantly,8
retrieved,8
retro,8
revealed,8
rger,8
rhodes,8
ritus,8
rosenzweig,8
ruan,8
s0263034620000129,8
s5,8
sa,8
safety,8
sca,8
scanned,8
schiller,8
schumacher,8
scintillation,8
screens,8
secs,8
seeded,8
sent,8
separately,8
sera,8
shells,8
si12,8
sional,8
sivd,8
sm,8
smooth,8
solving,8
specially,8
spie,8
stacked,8
standards,8
status,8
steepened,8
straight,8
strickland,8
subtracted,8
suffer,8
sung,8
superior,8
supporting,8
surrounded,8
taylor,8
tb,8
team,8
technological,8
ther,8
thinnest,8
tic,8
tics,8
tomographic,8
tra,8
treated,8
triggered,8
trips,8
trometer,8
tuneable,8
tzeng,8
u5,8
unfolding,8
unfortunately,8
upshifted,8
ure,8
users,8
vapor,8
vay,8
veri,8
voxels,8
vtfd,8
wdm,8
weng,8
whereby,8
wider,8
wiechert,8
wien,8
wigglers,8
willi,8
wit,8
words,8
workshop,8
writes,8
wth,8
xc,8
yuan,8
yuqiu,8
zhang1,8
zheng,8
zhidkov,8
ziener,8
zongqing,8
ablation,7
absent,7
accordingly,7
accumulation,7
acquires,7
actions,7
adopted,7
agreed,7
airy,7
albright,7
alexander,7
allison,7
altered,7
america,7
anomalous,7
antonsen,7
apart,7
appli,7
arti,7
avg,7
azimuthally,7
b1,7
bacci,7
backlighters,7
badziak,7
bagnoud,7
bargsten,7
barrier,7
bd,7
benefit,7
betti,7
bilayer,7
binary,7
blocks,7
blur,7
boyer,7
breakdown,7
bring,7
bt7,7
built,7
bull,7
burke,7
bx,7
capacity,7
car,7
carry,7
cast,7
cdte,7
cent,7
cern,7
char,7
charac,7
cheng,7
chivas,7
clarity,7
coincide,7
combinations,7
compa,7
compensate,7
competitive,7
concave,7
conductive,7
confining,7
confirmed,7
conservation,7
considers,7
consistency,7
consortium,7
contamination,7
continues,7
convergence,7
converting,7
convolution,7
copropagating,7
copy,7
cosmic,7
covers,7
crossed,7
culation,7
culties,7
d2nc,7
damped,7
daniels,7
dc,7
dcp,7
debus,7
decaying,7
deceleration,7
decent,7
delayed,7
dent,7
dep,7
dependency,7
desirable,7
diameters,7
diation,7
dimen,7
directionality,7
discusses,7
dividing,7
donald,7
dosimetry,7
downloaded,7
drake,7
drawing,7
drugs,7
dyer,7
dynamical,7
dynamically,7
ea,7
ecole,7
eel,7
eg,7
electrodynamic,7
electronics,7
eliminate,7
elkina,7
emphasize,7
employ,7
energetics,7
eosc,7
eph,7
ered,7
esrf,7
est,7
europhys,7
eva,7
ewald,7
exclusively,7
expand,7
expels,7
extraction,7
fa,7
facilitate,7
faenov,7
falcone,7
favorable,7
fc,7
fedotoff,7
filled,7
firstly,7
fits,7
fluka,7
fo,7
focuses,7
fox,7
froula,7
funding,7
gains,7
gautier,7
gd,7
geant,7
giraldez,7
glebov,7
gloahec,7
grand,7
guidance,7
gv,7
hammer,7
heavily,7
hedp,7
hei,7
heidelberg,7
hemker,7
henig,7
hereafter,7
hoek,7
hou,7
hutchinson,7
ibbotson,7
icr,7
ima,7
iments,7
imes,7
implement,7
implosion,7
iner,7
inhomogeneity,7
insb,7
interpolated,7
involve,7
involving,7
io,7
isomer,7
ization,7
johzaki,7
k3,7
k5,7
kalashnikov,7
kalinchenko,7
kalintchenko,7
kapton,7
katkov,7
kdp,7
kelly,7
kiefer,7
kyoto,7
l5,7
lan,7
licensed,7
life,7
lihua,7
ller,7
lorenz,7
losing,7
maharjan,7
maier,7
mal,7
manclossi,7
matteo,7
maxima,7
mbar,7
meadowcroft,7
michel,7
millimeters,7
milliradian,7
mimic,7
mind,7
mittelberger,7
modelled,7
module,7
momen,7
moments,7
montgomery,7
moorti,7
morgan,7
motz,7
mre,7
multipetawatt,7
nagler,7
nance,7
necessarily,7
neither,7
nicolai,7
nishimura,7
nishiuchi,7
nondestructive,7
nonzero,7
norlin,7
notice,7
noticed,7
observable,7
observer,7
office,7
offset,7
opti,7
options,7
orcid,7
orientation,7
ously,7
outline,7
panels,7
partial,7
parys,7
passage,7
percentage,7
performing,7
pet,7
pfeifer,7
phelix,7
photoelectric,7
phy,7
pinch,7
pisa,7
pittman,7
planchon,7
plotting,7
pogorelsky,7
polished,7
pon,7
posi,7
possibilities,7
projected,7
proven,7
psi,7
purity,7
purpose,7
pushed,7
puted,7
qi,7
radioisotope,7
radionuclides,7
ran,7
reactors,7
read,7
recording,7
records,7
reflect,7
released,7
rem,7
repeated,7
resembles,7
residuals,7
restoring,7
reveals,7
rich,7
rings,7
risk,7
ro,7
ror,7
rosinski,7
routine,7
routinely,7
rows,7
rykovanov,7
sandwiched,7
sasaki,7
saturates,7
schnurer,7
schramm,7
selecting,7
selection,7
sensor,7
serves,7
sessler,7
settings,7
seven,7
sharply,7
sheeba,7
shifts,7
simulating,7
site,7
situ,7
sokolowski,7
solar,7
sop,7
sp,7
steradian,7
stopped,7
stress,7
subtraction,7
successive,7
suddenly,7
surements,7
sw7,7
sx,7
tally,7
tc1,7
tendency,7
ters,7
teubner,7
tg,7
theor,7
tilting,7
tinten,7
titanium,7
tlow,7
toolkit,7
toroidal,7
torr,7
traditional,7
trajec,7
transformed,7
transporting,7
trap,7
travels,7
triangulation,7
turned,7
u0,7
uences,7
ulation,7
ulations,7
ultradense,7
umr,7
unless,7
unlike,7
usin,7
utilized,7
uv,7
v1,7
va,7
verlag,7
vicinity,7
viewing,7
viii,7
vlpl,7
wahlstr,7
ward,7
whilst,7
whom,7
wiedemann,7
williamson,7
wright,7
wrobel,7
wrote,7
x1,7
xat,7
yogo,7
zhanna,7
zielbauer,7
zolotorev,7
zone,7
zr,7
zuegel,7
TRUE,7
abhold,6
abundant,6
accessed,6
accompanied,6
adapted,6
adv,6
affecting,6
aged,6
agency,6
ago,6
aleonard,6
ali,6
alpha,6
amplifier,6
amsterdam,6
anc,6
anges,6
anisotropic,6
applicability,6
applicable,6
applies,6
arbitrarily,6
arbor,6
arguments,6
arrived,6
arrows,6
aside,6
asymmetry,6
ature,6
auspices,6
automatically,6
azechi,6
b5gz,6
backgrounds,6
backlighting,6
baird,6
balling,6
barbotin,6
becker,6
beech,6
believe,6
belstieg,6
bendoyro,6
biddle,6
biomedical,6
bonnet,6
booth,6
boschetto,6
bradley,6
brantov,6
brebion,6
broken,6
bryant,6
building,6
c4,6
cable,6
capabilities,6
carefully,6
carrier,6
cen,6
centroid,6
cess,6
cf,6
changsha,6
chap,6
chawla,6
cheriaux,6
chrotron,6
cially,6
citation,6
claims,6
clough,6
clp,6
coefficient,6
collaboration,6
concent,6
concentrated,6
concepts,6
confidence,6
connected,6
contemporary,6
contrary,6
cooled,6
cooper,6
cop,6
copyright,6
correspondingly,6
cousens,6
coverage,6
creases,6
credit,6
cros,6
cumulative,6
cylinder,6
d2ne,6
d3,6
davitt,6
dcs,6
decdx,6
decelerated,6
deconvolving,6
deformable,6
degradation,6
degraded,6
delays,6
deromotive,6
des,6
designing,6
detached,6
detectable,6
deuterons,6
deutsch,6
dfg,6
diagnose,6
dielectronic,6
disappears,6
discovered,6
displacements,6
distinctive,6
distinguish,6
dominantly,6
dosim,6
dragged,6
draw,6
drew,6
drilled,6
dtfwhm,6
ducials,6
duda,6
e90,6
easier,6
ebl,6
ecker,6
electrode,6
enabling,6
ends,6
ensured,6
enter,6
equally,6
estar,6
esti,6
estimating,6
esu,6
eters,6
evacuated,6
evolu,6
ew,6
excitat,6
expense,6
exploiting,6
fac,6
fazio,6
fer,6
fewer,6
filtered,6
findings,6
flippo,6
flowing,6
fol,6
friedrich,6
fruitful,6
fujioka,6
fund,6
g055165,6
g056803,6
gardner,6
gaul,6
genesis,6
germanium,6
gong,6
gra,6
grif,6
grillon,6
guemnie,6
handbook,6
harmonically,6
helpful,6
hemisphere,6
hendricks,6
hinkel,6
hochhaus,6
honda,6
hudson,6
hypothesis,6
iat,6
id,6
idea,6
identifying,6
ignored,6
imag,6
improving,6
inch,6
incorporated,6
increment,6
inet,6
inherently,6
inject,6
injecting,6
inserting,6
instructive,6
intended,6
isolated,6
itfd,6
ivanov,6
j1,6
jiansheng,6
jun,6
k0r,6
kahaly,6
karwowski,6
kdr,6
keldysh,6
kenna,6
kilojoule,6
kotaki,6
kruschwitz,6
l0,6
laminar,6
largely,6
launch,6
lcr,6
levashov,6
lf,6
lienard,6
linked,6
lithium,6
lnc,6
lo,6
loading,6
log10,6
logarithmic,6
lon,6
looking,6
lt,6
maintained,6
markers,6
maroli,6
marshall,6
mas,6
masks,6
matrix,6
mediated,6
meuren,6
microscopic,6
mined,6
missing,6
modulations,6
monot,6
moody,6
morse,6
mulser,6
multidimensional,6
mw,6
nai,6
nanofoils,6
nar,6
ncme,6
nding,6
negligibly,6
nelx,6
nevada,6
never,6
nicola,6
nique,6
nontrivial,6
normalization,6
noticeable,6
nsf,6
nuclide,6
o2,6
occupied,6
occurred,6
offenberger,6
ongoing,6
opcpa,6
operations,6
opportunities,6
optica,6
originate,6
ous,6
outlined,6
palaniyappan,6
palastro,6
panasenko,6
paraboloid,6
parame,6
partition,6
pearce,6
perfect,6
perfectly,6
performs,6
perpendicularly,6
perspective,6
perturbations,6
picls,6
pin,6
piston,6
plan,6
plas,6
polymer,6
popp,6
possibly,6
postprocessing,6
pozzi,6
preacceleration,6
predominantly,6
previ,6
principal,6
printed,6
processing,6
programme,6
projections,6
pullinger,6
purposes,6
pvc,6
q0,6
q1,6
quadrant,6
quantenoptik,6
quanti,6
quantify,6
questions,6
rabec,6
radiochromic,6
reac,6
recirculating,6
reconstruct,6
rees,6
reflecting,6
reflective,6
regenerating,6
registered,6
regularly,6
remained,6
representation,6
representative,6
reproducible,6
requiring,6
restriction,6
rischel,6
rmax,6
robustness,6
rowlands,6
rspm,6
ru,6
ryutov,6
s1d,6
s21d,6
s36d,6
sakaki,6
saldin,6
satellites,6
scans,6
schappert,6
schematically,6
schmitz,6
scope,6
sears,6
seely,6
semi,6
shanxi,6
shao,6
sheaths,6
shifting,6
shooting,6
si13,6
silano,6
silipigni,6
simons,6
singapore,6
situations,6
sketch,6
slowing,6
smallest,6
sometimes,6
son,6
spectroscopic,6
specular,6
spitzer,6
srep01912,6
ssee,6
sseldorf,6
stacks,6
stainless,6
statistically,6
stop,6
str,6
strated,6
strathclyde,6
substituting,6
substrate,6
suk,6
summarize,6
supplement,6
synthesis,6
synthetic,6
tafo,6
tal,6
tang,6
tauschwitz,6
technische,6
tesla,6
testing,6
thompson,6
thot,6
tian,6
ticles,6
tietbohl,6
title,6
tp,6
trailing,6
tral,6
translated,6
transversally,6
trapezoidal,6
trast,6
trigger,6
tripathi,6
try,6
tune,6
tv,6
uesaka,6
ul,6
ultraviolet,6
uncer,6
undercritical,6
underwood,6
undu,6
universities,6
unlikely,6
usefulness,6
v0t,6
val,6
vdsr,6
ver,6
verify,6
verter,6
views,6
violently,6
visit,6
volfbeyn,6
vx,6
wakes,6
web,6
weckert,6
wel,6
weller,6
wish,6
wood,6
woolsey,6
xfels,6
ya,6
yao,6
abbe,5
ablated,5
accomplished,5
achievement,5
adams,5
adjust,5
ai,5
aid,5
alabama,5
albeit,5
alternatively,5
analyzing,5
angula,5
answer,5
anymore,5
appreciable,5
appropriately,5
arranged,5
ashes,5
assessing,5
ast,5
atlas,5
attenuate,5
attenuator,5
atzeni,5
avoiding,5
b4,5
balcou,5
basko,5
becoming,5
belonging,5
benuzzi,5
bi,5
binding,5
bingham,5
bins,5
blackett,5
blurring,5
boosted,5
borisov,5
borm,5
bowers,5
brabec,5
braunschweig,5
briefly,5
brummitt,5
bump,5
bundesanstalt,5
burris,5
bys,5
cad,5
cali,5
cameras,5
candidate,5
capdessus,5
cards,5
carrying,5
cecchetti,5
celeration,5
cgi,5
chambers,5
chan,5
chapman,5
chekhlov,5
choi,5
choosing,5
cients,5
ciple,5
clean,5
clf,5
coating,5
coincidence,5
collecting,5
collider,5
collimators,5
colored,5
compete,5
compo,5
comprising,5
computes,5
concentrations,5
concluded,5
conduction,5
configurations,5
confirms,5
conjunction,5
consid,5
constitute,5
constrain,5
constrained,5
continually,5
contours,5
convect,5
corels,5
couple,5
coverdale,5
crystalline,5
crystallography,5
culated,5
culfa,5
cur,5
cussed,5
cz.02,5
data59,5
deconvolve,5
decoster,5
decoupled,5
deedx,5
delimited,5
demchenko,5
deng,5
denser,5
depths,5
derivation,5
developing,5
diocles,5
distributes,5
diverge,5
diverse,5
divol,5
dnph,5
dobosz,5
dollar,5
donovan,5
douillet,5
doumy,5
dover,5
drags,5
dropped,5
ective,5
edn,5
eds,5
effort,5
egr,5
ejection,5
ek,5
elberson,5
elded,5
electron2,5
elsewhere,5
elwert,5
emerges,5
encapsulated,5
enlarged,5
equivalently,5
eral,5
erosion,5
ers,5
europe,5
everett,5
evidently,5
exceeded,5
exception,5
exciting,5
exclusion,5
execute,5
expectation,5
expel,5
expensive,5
extensive,5
f2,5
faint,5
fall,5
fan,5
favorably,5
femtet,5
feng,5
fiducial,5
filaments,5
finding,5
fitted,5
fluence,5
footprint,5
freely,5
fringes,5
fsd,5
fur,5
g054940,5
g054950,5
g4,5
g5,5
gaf,5
gaps,5
gating,5
gf,5
gillies,5
gist,5
glenzer,5
gr,5
grech,5
growing,5
gt,5
gtf,5
hb,5
heine,5
held,5
hercules,5
hill,5
hitting,5
hoarty,5
holland,5
hollow,5
hong,5
hubbard,5
hx,5
hxrd,5
hydro,5
iapcm,5
ible,5
ibs,5
ical,5
ient,5
iev,5
igher,5
illustrating,5
ime,5
impinges,5
importantly,5
increasingly,5
inde,5
indi,5
indicative,5
inducing,5
infinite,5
inhibit,5
ini,5
instantaneously,5
institutional,5
integrate,5
intercombination,5
inves,5
investigating,5
invited,5
ioniza,5
irrelevant,5
ishikawa,5
isions,5
isma,5
isomeric,5
isotropy,5
ities,5
ively,5
jected,5
jeti,5
joint,5
joyce,5
ju,5
kaganovich,5
kaindl,5
kanaya,5
karmakar,5
kartashov,5
kaw,5
kdrsb,5
kerman,5
kessler,5
kibble,5
kitagawa,5
kodak,5
korzhimanov,5
kowalczyk,5
kpr,5
kr,5
krygier,5
kwan,5
l1d,5
la0,5
labora,5
lad,5
landgraf,5
lateral,5
lator,5
leaked,5
lester,5
levy,5
liao,5
linde,5
lineout,5
linewidth,5
lisbon,5
lished,5
lisi,5
lk,5
locked,5
loucks,5
lowering,5
luc,5
luk,5
lz,5
mackenroth,5
magnetization,5
magnification,5
mark,5
markey,5
massive,5
mate,5
mathematical,5
maximize,5
maximov,5
maywar,5
mbarn,5
mccrory,5
mcnabb,5
mcpherson,5
mecal,5
meeting,5
mentally,5
micrometre,5
microtomography,5
mills,5
mini,5
miniature,5
minor,5
mir,5
misalignment,5
mithen,5
monitor,5
monitoring,5
monotonically,5
moore,5
morphology,5
moustaizis,5
mov,5
mpg,5
mpq,5
msr,5
multilayer,5
n0xl,5
nagatomo,5
nakatsutsumi,5
nam,5
nanoscale,5
nant,5
naturephysics,5
nds,5
nea,5
neitz,5
nelson,5
news,5
ng,5
nisms,5
nonetheless,5
nonscreened,5
north,5
notebaert,5
notes,5
noting,5
notion,5
nphys2090,5
nrr,5
nw,5
ography,5
omotive,5
ond,5
operator,5
opportunity,5
opposed,5
originated,5
originates,5
oscil,5
otr,5
overestimate,5
ozaki,5
pairwise,5
partly,5
pepler,5
peratures,5
performances,5
phenomenological,5
philips,5
philos,5
phonon,5
physikalisch,5
pi,5
picosec,5
piovella,5
platz,5
plume,5
pointed,5
poisson,5
polychromatic,5
ponderomotively,5
popov,5
populations,5
pores,5
positioning,5
povarnitsyn,5
powell,5
prepulses,5
prieto,5
probes,5
procedures,5
produc,5
propagat,5
protect,5
protein,5
proved,5
pt,5
ptb,5
pu,5
pub,5
pwfa,5
qd,5
qtf,5
quad,5
quadratic,5
quantitatively,5
queen,5
radially,5
radiog,5
radiographed,5
radiol,5
radioprotection,5
rameter,5
ranspor,5
reactivities,5
reactivity,5
reasonably,5
recir,5
recirculate,5
recombination,5
recon,5
recover,5
reflects,5
regional,5
reinforced,5
relativis,5
relax,5
relaxed,5
release,5
relevance,5
reliability,5
rent,5
reproduc,5
requency,5
reshold,5
resolu,5
responding,5
retrieval,5
robey,5
rockwood,5
roughness,5
rubbelynck,5
russian,5
s13d,5
s2004d,5
s2d,5
s33d,5
s4,5
s51d,5
s64d,5
sakagami,5
sarachik,5
sat,5
saturated,5
say,5
scanner,5
scatters,5
schaerf,5
schneider,5
schneidmiller,5
scientists,5
se,5
secondly,5
sees,5
sense,5
sensi,5
sents,5
serious,5
sev,5
shevchenko,5
shuttering,5
si11,5
sid,5
silica,5
sin2,5
sio2,5
sition,5
slices,5
slippage,5
slit,5
slowed,5
softer,5
sonic,5
spanning,5
spin,5
spreads,5
spring,5
station,5
stays,5
stefan,5
stellar,5
stimulate,5
stochasticity,5
stretched,5
structed,5
subpetawatt,5
suc,5
summarizes,5
summation,5
summing,5
sunahara,5
superradiance,5
sv,5
sw,5
synchrotronlike,5
t5,5
takabe,5
tarasevitch,5
temperat,5
tempo,5
tense,5
thereafter,5
thermonuclear,5
thigh,5
thought,5
threadgold,5
ticle,5
tight,5
tin,5
tivity,5
tj,5
tornow,5
town,5
tpss,5
transmissions,5
transmittances,5
travelled,5
travelling,5
traversed,5
traversing,5
tremaine,5
trines,5
trostatic,5
tu,5
tude,5
tunnel,5
turbulent,5
tures,5
turns,5
tx,5
ud,5
ues,5
uhl,5
ult,5
unknown,5
unmagnetized,5
upgraded,5
upshift,5
ured,5
validated,5
valuable,5
variability,5
vation,5
versteegen,5
vf,5
viskup,5
vth,5
vy,5
wang1,5
want,5
waxer,5
weeks,5
weimin,5
wej,5
wi,5
wilkins,5
windows,5
wings,5
woodworth,5
wr,5
wyborn,5
xiaoming,5
xpci,5
year,5
ying,5
yorozu,5
yurkov,5
zimmer,5
aberrations,4
ably,4
abramowitz,4
abs,4
ac52,4
acc,4
accounted,4
achievements,4
acknowledged,4
acti,4
activated,4
adam,4
adaptive,4
add,4
adjustment,4
advance,4
ahead,4
aimed,4
al11,4
aldermaston,4
ale,4
algorithms,4
alis,4
alliance,4
altarelli,4
ambient,4
ambrosi,4
amendt,4
amorphous,4
amram,4
ana,4
angu,4
antici,4
antonetti,4
aofel,4
apollon,4
appearance,4
arctg,4
arm,4
armstrong,4
arnett,4
arrangements,4
assum,4
astron,4
ate,4
ating,4
attainable,4
attenuators,4
attributable,4
augus,4
auskas,4
averages,4
avoided,4
award,4
axisymmetric,4
ba,4
babzien,4
bahk,4
bailey,4
baldwin,4
ballam,4
baltu,4
bamber,4
bandpass,4
bartal,4
basf,4
basically,4
bastrakov,4
beaud,4
begun,4
behm,4
behrens,4
benchmarked,4
beneficial,4
bilderback,4
bl,4
bon,4
bqiao,4
bragg,4
branch,4
brau,4
break,4
breizman,4
brenner,4
bret,4
brick,4
bricks,4
briesmeister,4
broadly,4
brought,4
build,4
bunching,4
calculates,4
campaign,4
capeluto,4
carlson,4
ccds,4
ceccotti,4
celia,4
century,4
cesses,4
cesta,4
chambaret,4
chao,4
cheap,4
chemistry,4
chilton,4
chirping,4
chose,4
clarendon,4
clarify,4
cleaved,4
clinical,4
collaborators,4
collapse,4
collections,4
collimate,4
coloured,4
coming,4
competition,4
completeness,4
compound,4
compress,4
conduc,4
conducting,4
conical,4
constitutes,4
construct,4
containers,4
contents,4
contradiction,4
convolving,4
cormier,4
cos2,4
cour,4
coursey,4
crane,4
cre,4
cristoforetti,4
criterion,4
critically,4
cubic,4
curtis,4
cx0,4
cylinders,4
cz,4
dance,4
das,4
david,4
days,4
deal,4
decomposition,4
decompression,4
deduce,4
defects,4
definition,4
depicts,4
deployed,4
deposi,4
descr,4
desy,4
deuteron,4
deviate,4
dg,4
diagnos,4
diame,4
dient,4
differing,4
discovery,4
discrepancies,4
distinguished,4
disturbed,4
dkk,4
domains,4
doria,4
dot,4
doubling,4
douglas,4
dp0,4
dr0,4
drawback,4
drifts,4
dte,4
dtlaser,4
duff,4
dvdv,4
e3,4
eagleton,4
ector,4
eidmann,4
electrodynamical,4
electron1,4
elleaume,4
ember,4
emccd,4
emergence,4
emergent,4
emma,4
empirical,4
encounters,4
energ,4
england,4
ensemble,4
environments,4
eos,4
erate,4
erator,4
erc,4
ertel,4
erties,4
ess,4
etched,4
ethylene,4
evalu,4
evi,4
evidenced,4
exam,4
examination,4
excellence,4
excites,4
excluded,4
excluding,4
excursion,4
exerted,4
exits,4
experiencing,4
experiments7,4
explains,4
exploded,4
exploits,4
explosion,4
explosions,4
exponent,4
f1,4
f5,4
f5p,4
fabrication,4
facet,4
facing,4
fair,4
fcr,4
feldman,4
ference,4
fern,4
fernandez,4
fews,4
fiber,4
ficiently,4
filip,4
fisch,4
foci,4
fokker,4
forerunning,4
format,4
formulation,4
fph,4
frac,4
fractions,4
frames,4
franz,4
fritz,4
fronts,4
fth,4
fukuda,4
funda,4
g0,4
gafchromic,4
gai,4
gaithersburg,4
gamucci,4
gases,4
gave,4
gd2o2s,4
generalized,4
geometrical,4
ger,4
gerber,4
gerstmayr,4
gime,4
global,4
glycol,4
gmbh,4
gonzalez,4
gorbunov,4
government,4
gradignan,4
gral,4
gram,4
graph,4
grazing,4
gregory,4
guides,4
gupta,4
gureyev,4
ha,4
habara,4
haiyang,4
harder,4
hardly,4
harston,4
hartmann,4
hat,4
hatton,4
haupt,4
hayashi,4
heats,4
hec,4
heinrich,4
heinzl,4
helps,4
hen,4
hermann,4
hertz,4
hese,4
hhg,4
hogan,4
hohlraum,4
hope,4
hours,4
housed,4
html,4
hua,4
hubbell,4
huber,4
huntsville,4
hx0,4
hyd,4
hydrodynamical,4
ibut,4
ice,4
idealized,4
ied,4
ien,4
ij,4
ikely,4
imental,4
imposed,4
imposes,4
impossible,4
impractical,4
improves,4
imu,4
imum,4
ina,4
incorporates,4
incorporating,4
ind,4
inelastic,4
influence,4
inorganic,4
insensitive,4
insertion,4
instant,4
instru,4
intensified,4
intensively,4
intentionally,4
interatomic,4
interfaces,4
internat,4
interrogation,4
invariance,4
ionizes,4
iphr,4
ising,4
ision,4
isochoric,4
issues,4
jansen,4
jarrot,4
jaune,4
jeong,4
jochmann,4
joules,4
jr,4
jurisdictional,4
kato,4
kazakov,4
kazuki,4
kdr3bn,4
keeps,4
kernphysik,4
kidd,4
kiloampere,4
kinetics,4
klaiber,4
klap,4
kn,4
kojima,4
kong,4
kov,4
kth,4
kuschel,4
kx,4
ky,4
ladder,4
lamentary,4
laserlab,4
laska,4
lating,4
laval,4
lcfa,4
leakage,4
leaves,4
legend,4
lehe,4
leifeng,4
leptons,4
li1,4
lianqiang,4
licence,4
lifetime,4
lighter,4
linearity,4
liu1,4
lives,4
loetzsch,4
londrillo,4
longi,4
longitudi,4
looks,4
lot,4
lowered,4
lowing,4
lpd,4
lund,4
lvac,4
lys,4
m5,4
machined,4
magenta,4
mallka,4
manuel,4
marks,4
mary,4
matic,4
mation,4
matsuo,4
matthieussent,4
mature,4
mau,4
mauc,4
mcneil,4
mcp,4
measu,4
mechan,4
mentation,4
merge,4
merged,4
meyerov,4
michael,4
microplasma,4
microscope,4
microstructure,4
millimetre,4
millions,4
ming,4
minimized,4
mins,4
minus,4
mirfayzi,4
mismatch,4
mission,4
mixing,4
monitors,4
monoener,4
mounaix,4
mp,4
mpfer,4
multichannel,4
multiterawatt,4
murakami,4
muraviev,4
mv,4
n52,4
named,4
nanopores,4
nanotube,4
ncrit,4
ndez,4
neec,4
nemoto,4
nent,4
nes,4
neutrality,4
neville,4
newly,4
nikroo,4
nl,4
nnsa,4
noble,4
nolte,4
nonequilibrium,4
nonresonance,4
nphoton.2012,4
nucleon,4
nuclides,4
nudt,4
nws,4
ny,4
obliquely,4
ogura,4
olsen,4
oo,4
opened,4
orbital,4
os,4
oscilla,4
oth,4
outputs,4
overcoming,4
overlaid,4
oxon,4
p0st,4
packages,4
pact,4
pae,4
pai,4
papers,4
parameterized,4
parametrized,4
paraxial,4
paristech,4
parti,4
party,4
paths,4
pave,4
perimental,4
permissions,4
permitted,4
persion,4
perturbed,4
photoexcitation,4
physica,4
physrevlett.110,4
pi200,4
piece,4
pieces,4
pierini,4
piled,4
piles,4
pinches,4
pj,4
places,4
placing,4
planned,4
platinum,4
plc,4
pml,4
polarised,4
poole,4
popescu,4
possibi,4
pour,4
poynting,4
ppc,4
prel,4
preplasmas,4
preserved,4
pressed,4
prin,4
princeton,4
prism,4
proach,4
probabilities,4
probed,4
proceed,4
prohibitive,4
proli,4
prominent,4
prompt,4
property,4
propor,4
proportionality,4
proves,4
proximately,4
psf,4
ptr,4
publisher,4
pug,4
purvis,4
pxi,4
pyi,4
qe,4
qsad,4
quadratically,4
quant,4
quent,4
quick,4
qz,4
radioactivity,4
ramps,4
raphy,4
ras,4
ration,4
reading,4
readings,4
reality,4
recoules,4
recovered,4
reflec,4
regarded,4
regular,4
reich,4
reiche,4
relates,4
relations,4
relativisti,4
relaxes,4
removing,4
reno,4
repartition,4
repo,4
resemble,4
resides,4
resonances,4
respond,4
retained,4
retaining,4
retains,4
retrieve,4
returning,4
reuter,4
revealing,4
rg,4
rge,4
rgo,4
rhomb,4
riley,4
robson,4
romagnani,4
rossi,4
rotated,4
rotates,4
routines,4
rtb,4
runaway,4
rusev,4
ruyer,4
ryc,4
s22d,4
s26d,4
s44d,4
s47d,4
s48d,4
s773,4
sail,4
sake,4
salamin,4
salle,4
salvo,4
santa,4
sanuki,4
satisfying,4
sc,4
scalable,4
schiavi,4
schn,4
schulze,4
scottish,4
secondaries,4
selective,4
sem,4
semiconductors,4
sen,4
separating,4
separatrix,4
sept,4
serratto,4
severe,4
shadowgraphy,4
sharing,4
sheets,4
shiraga,4
shorokhov,4
sider,4
sinc,4
siom,4
skewed,4
slicing,4
slondond,4
soh,4
sons,4
sophisticated,4
sound,4
spectrom,4
spectrums,4
spikes,4
spite,4
splitting,4
spond,4
spreading,4
ss,4
ss1,4
ssions,4
stands,4
star,4
statement,4
stegun,4
stevenson,4
striking,4
strontium,4
struc,4
su,4
submillimeter,4
success,4
sults,4
summed,4
supercomputer,4
superintense,4
supply,4
supposed,4
suprathermal,4
sustained,4
symmetrically,4
sys,4
systematically,4
tab,4
tac,4
taguchi,4
tained,4
takashi,4
talence,4
te1,4
te2,4
tel,4
telescope,4
tensor,4
teraction,4
tered,4
teristic,4
tests,4
thanh,4
theorem,4
thorn,4
thousand,4
tip,4
tment,4
tois,4
tonge,4
took,4
topology,4
traced,4
tracer,4
transfers,4
transi,4
transmits,4
transmute,4
trends,4
trolled,4
tudinal,4
turcu,4
u1,4
ude,4
ue,4
ullschmied,4
ultrain,4
ultrastrong,4
unaffected,4
und,4
undergone,4
unl,4
unr,4
unwanted,4
uted,4
utilize,4
utilizing,4
utsunomiya,4
vaisseau,4
vargas,4
veloc,4
velyhan,4
versatile,4
verted,4
veysman,4
vibrations,4
violent,4
virtue,4
volumes,4
vr,4
vshivkov,4
w2,4
warwick,4
watanabe,4
weingartner,4
wenjun,4
who,4
wij,4
wing,4
winstone,4
wolf,4
wolowski,4
wootton,4
wyatt,4
x5,4
xr,4
xu1,4
yamamoto,4
yamanaka,4
yan1,4
ye,4
zd,4
ze,4
zhao1,4
zucker,4
abela,3
abinit,3
ablator,3
abraham,3
absorbance,3
acad,3
academic,3
accompanies,3
acknowledgment,3
acoustic,3
acrylic,3
adequately,3
adjacent,3
advan,3
advantageous,3
ae,3
aerogel,3
affordable,3
afosr,3
afterwards,3
agating,3
ages,3
ahrens,3
ai0,3
airix,3
aj,3
akhiezer,3
al.23,3
alberto,3
alejo,3
aligning,3
alise,3
alps,3
als,3
altering,3
alternating,3
amako,3
amit,3
ammoura,3
analogy,3
analysing,3
angeles,3
anharmonic,3
anr,3
anti,3
apostolakis,3
apparatus,3
apparently,3
approxima,3
approximating,3
approximations,3
araujo,3
arce,3
ard,3
arda,3
arf,3
argue,3
arrigo,3
arrive,3
artificially,3
arutyunian,3
asai,3
askaryan,3
assay,3
assign,3
assigned,3
asso,3
astro,3
ately,3
ates,3
ativistic,3
attain,3
attempting,3
atto,3
attracting,3
attrib,3
attributes,3
atures,3
augmented,3
awe,3
axen,3
axially,3
ayyub,3
b10,3
b3,3
baeva,3
baffigi,3
baifei,3
balanced,3
ballistic,3
bandgap,3
barbrel,3
barrand,3
bb,3
beamlet,3
beamline,3
bee,3
bend,3
bending,3
bentley,3
bernard,3
bernstein,3
bertozzi,3
beryllium,3
bgo,3
bh,3
bility,3
billhardt,3
bj,3
bk,3
blazevic,3
bly,3
bmax,3
bo,3
boege,3
boehly,3
bolton,3
bond,3
borneis,3
bourdier,3
boyuan,3
brass,3
brated,3
breaks,3
brevity,3
brightest,3
bril,3
bringing,3
britten,3
bsin,3
budde,3
bunched,3
buried,3
busquet,3
butler,3
by42,3
bzs,3
c12h16o8,3
califano,3
calorimeter,3
campus,3
capil,3
capjack,3
capsule,3
carbons,3
career,3
catch,3
cattani,3
cb,3
cca,3
cdt,3
ce2,3
ceases,3
celerator,3
centers,3
centimetres,3
certainly,3
chaotic,3
chappard,3
characterise,3
characterised,3
chart,3
chirps,3
christoph,3
chromic,3
chromium,3
ciated,3
cicifsa,3
circumvent,3
cited,3
city,3
claim,3
classi,3
cleaning,3
cles,3
cm22,3
cm2g,3
cnico,3
coefficients,3
colorbar,3
columns,3
combines,3
comet,3
comment,3
comments,3
committee,3
comp,3
compactness,3
comparative,3
comparatively,3
complementary,3
completed,3
comprehensive,3
compressors,3
comprised,3
concealed,3
concentrate,3
concern,3
concerned,3
concerning,3
concludes,3
conductor,3
confirm,3
consequences,3
consis,3
constraint,3
constructing,3
cont,3
contacting,3
container,3
contexts,3
contri,3
contrib,3
converters,3
convoluted,3
copropagate,3
corkum,3
coronal,3
correlates,3
corresponded,3
costa,3
costs,3
count,3
couples,3
coury,3
cov,3
crease,3
criti,3
crosstalk,3
crowell,3
crowley,3
crude,3
cube,3
cumulated,3
cusing,3
cutting,3
cw,3
d2n0,3
d5,3
d6,3
da,3
daniil,3
darrow,3
davidson,3
declines,3
decoupling,3
decreas,3
deducing,3
def,3
defocus,3
deform,3
deformation,3
delerue,3
delineated,3
deliv,3
denis,3
densit,3
depen,3
dependant,3
deph,3
depo,3
deposits,3
descamps,3
descrip,3
desi,3
detuning,3
devoted,3
diag,3
diagnosed,3
diam,3
diamondlike,3
dichroic,3
dictated,3
dieckmann,3
differently,3
diffuse,3
diffuser,3
digital,3
dimitri,3
dinal,3
diode,3
dioxide,3
disadvantage,3
discontinuity,3
discriminate,3
discus,3
discussing,3
dispersive,3
displaced,3
dissipation,3
distinction,3
distortions,3
dition,3
dius,3
divergent,3
diverges,3
dm,3
dng,3
doc,3
dodd,3
doma,3
donahue,3
dosage,3
doucas,3
dow,3
downshifted,3
downward,3
dq,3
drastically,3
drawbacks,3
drawn,3
drouin,3
dts,3
ducted,3
ductor,3
dxl,3
dynam,3
e5,3
ea0,3
easy,3
ecr,3
edison,3
editor,3
edx,3
eey,3
effec,3
efficiencies,3
efforts,3
ele,3
electromag,3
eled,3
eliminated,3
ellipsoidal,3
elow,3
ely,3
emec2,3
emerged,3
emissivity,3
employment,3
employs,3
encased,3
ences,3
encouraging,3
enhancements,3
ening,3
ensuring,3
equality,3
equating,3
equipped,3
erence,3
essary,3
essen,3
estab,3
establish,3
etching,3
examining,3
excitations,3
exclu,3
exclude,3
exemplary,3
exempli,3
exibility,3
exiting,3
expert,3
explanation,3
exploit,3
exploited,3
exploring,3
expo,3
expres,3
expressing,3
expulsion,3
exter,3
extracting,3
facil,3
facilitates,3
fail,3
failed,3
falling,3
fazel,3
fb,3
fc52,3
fct,3
fea,3
fect,3
fects,3
fedeli,3
fedosejevs,3
feedback,3
femoral,3
fernndez,3
fex1,3
fiksel,3
fils,3
fixing,3
fl,3
flacco,3
fluc,3
fluorescent,3
fluxes,3
fly,3
fochs,3
focusability,3
focussing,3
foerster,3
formulae,3
forster,3
forthcoming,3
forwards,3
fournier,3
fractures,3
freedom,3
frequently,3
fresh,3
friou,3
fruhling,3
ftl,3
fudan,3
fujii,3
fujiwara,3
fulgentini,3
fundamentally,3
fus,3
g12,3
gaillard,3
gammino,3
gated,3
gaudin,3
gaunt,3
geissel,3
gelre,3
geneva,3
geom,3
george,3
german,3
gif,3
ginzburg,3
girolami,3
gitudinal,3
gobert,3
golovkin,3
governs,3
graphite,3
grateful,3
gratings,3
greatest,3
grolimund,3
grounded,3
guarantee,3
guillaume,3
gunst,3
haefner,3
hahn,3
hai,3
halbleib,3
hammond,3
happen,3
harkay,3
harres,3
hartouni,3
hasegawa,3
hayakawa,3
hazards,3
hazi,3
hdtra1,3
he1,3
hedps,3
helios,3
helle,3
helmholtzzentrum,3
hemispheres,3
herrmann,3
hf,3
hi,3
hics,3
hillier,3
hironaka,3
hoegen,3
hollingan,3
homogenous,3
hopg,3
hopps,3
hor,3
hori,3
hospital,3
hour,3
house,3
hpc,3
hu1,3
hui,3
humi,3
humphries,3
hxrds,3
hyperbolas,3
i22,3
i3,3
iccd,3
ict,3
ideas,3
ifsa,3
ignoring,3
ih,3
ik,3
ike,3
ikz,3
illicit,3
illus,3
imately,3
imc2,3
iment,3
imentally,3
impinging,3
imposing,3
impurities,3
inaccessible,3
inaccurate,3
increas,3
increments,3
indication,3
indirectly,3
induction,3
inef,3
inevitably,3
inexpensive,3
inferring,3
infn,3
inhomogeneous,3
initiated,3
injec,3
innovative,3
insets,3
inst,3
insta,3
installation,3
instrumentation,3
insufficient,3
insulator,3
intenses,3
interferes,3
interferogram,3
interiors,3
introduces,3
invention,3
inversion,3
inverted,3
investi,3
iodide,3
ionic,3
iple,3
ipplm,3
irad,3
iris,3
irra,3
irregular,3
isad,3
ism,3
isovalue,3
isp,3
istics,3
iteration,3
iterations,3
ito,3
ives,3
izquierdo,3
j002062,3
j2,3
j2k,3
ja,3
jacquemot,3
jacquet,3
jaeckel,3
jeon,3
jf,3
jh,3
jian,3
jinqing,3
jo,3
jority,3
jovanovic,3
jp,3
jpn,3
jpx,3
jsa,3
jsps,3
jungwirth,3
jupiter,3
justi,3
jv,3
jx,3
k1t1,3
kaempfer,3
kammler,3
kampfer,3
karlsruhe,3
katz,3
kc,3
kelley,3
kerr,3
khth,3
kilkenny,3
kilometer,3
kimminau,3
kimura,3
kinematic,3
kishimoto,3
kjj,3
kl,3
km,3
knauer,3
knight,3
knowing,3
koester,3
korzekwa,3
kotseroglou,3
kpw0,3
krafft,3
krasa,3
kritcher,3
krousky,3
kts,3
kuehl,3
kw,3
labeled,3
lacc,3
lair,3
lal,3
lamented,3
lampe,3
larsson,3
lasing,3
lasmas,3
lat,3
latest,3
lators,3
lcula,3
lculated,3
learning,3
lebedev,3
ledoux,3
lefrou,3
legkov,3
lence,3
lengthening,3
leninsky,3
lensing,3
lerche,3
lesser,3
lewis,3
lffy,3
lfwa,3
liations,3
lier,3
ligaments,3
likelihood,3
lindau,3
lindl,3
ling,3
lisboa,3
lision,3
lists,3
ln2,3
loca,3
logarithm,3
longitu,3
lopes,3
lopez,3
lu1,3
lu2sio4,3
luate,3
ludwig,3
luhmann,3
luli,3
luminescent,3
luna,3
luther,3
lying,3
ma1,3
macfarlane,3
macgowan,3
mach,3
maclellan,3
macroions,3
macrophoton,3
macrophotons,3
magnetically,3
maintaining,3
manahan,3
manifest,3
manipulate,3
mapped,3
mapping,3
mar,3
margarone,3
maria,3
markedly,3
marqu,3
martens,3
masaki,3
mask,3
master,3
masuda,3
math,3
maximilians,3
maximization,3
maximizes,3
maximizing,3
maynard,3
mb,3
mcdonald,3
mcnp.25,3
mcx,3
meanings,3
mech,3
mecx0,3
median,3
medically,3
melissinos,3
members,3
menko,3
mentioning,3
merical,3
messerly,3
metastable,3
mev.3,3
mianyang,3
microbunched,3
microbunching,3
microsized,3
mil,3
milburn,3
milchberg,3
mileham,3
milestone,3
military,3
million,3
milliradians,3
milton,3
minima,3
minimizing,3
misaligned,3
miskimen,3
mitted,3
mix,3
mm22,3
model42,3
moderated,3
modulat,3
mon,3
mondal,3
monic,3
morace,3
morillo,3
morita,3
morphologies,3
motions,3
motivation,3
motive,3
mott,3
mount,3
movement,3
mpi,3
mrad22,3
msv,3
mu,3
mula,3
multicolliding,3
multiplicity,3
mx2,3
n3,3
n3b,3
nals,3
nanoparticle,3
nanoseconds,3
narrowing,3
narrowly,3
nates,3
natl,3
naturforsch,3
nayuki,3
nchen,3
nec,3
nen,3
nesses,3
neu,3
neutze,3
nguyen,3
nh,3
nickel,3
nikishov,3
niu,3
nizhny,3
nj,3
nological,3
nology,3
nomura,3
nonideal,3
nonthermal,3
norm,3
nothing,3
noticeably,3
notley,3
novgorod,3
npg,3
nsaf,3
ntf,3
observa,3
obtainable,3
occurrence,3
offered,3
offering,3
ohm,3
oil,3
oishi,3
okada,3
okayama,3
okugi,3
old,3
oliveira,3
oncology,3
ondrej,3
onlined,3
optimistic,3
organic,3
osaka,3
oscopy,3
ou,3
outrun,3
overestimates,3
owski,3
oxfordshire,3
p2d,3
package,3
pairing,3
para,3
paradigm,3
parallelization,3
parent,3
pasley,3
pathak,3
patient,3
pcr,3
pendulum,3
penet,3
penetrated,3
perez,3
periment,3
periments,3
periodical,3
periodically,3
perturbative,3
peter,3
petersen,3
petit,3
petra,3
petrasso,3
phan,3
phasing,3
phil,3
photoinduced,3
photonic,3
physrevlett.116,3
pick,3
pile,3
pilot,3
pinpoint,3
pixelated,3
pixilated,3
placement,3
planning,3
plasmon,3
platelets,3
platonov,3
plitude,3
pogany,3
polarizations,3
polarizer,3
poles,3
polz,3
pomeranchuk,3
pomerantz,3
ponder,3
pondermotive,3
pondero,3
ponent,3
portable,3
ported,3
portrait,3
ports,3
positively,3
possess,3
possesses,3
postcollision,3
ppcf,3
prashant,3
prebys,3
preceding,3
predicting,3
preferred,3
preger,3
prencipe,3
pres,3
prob,3
probabilistic,3
problematic,3
processed,3
processor,3
propaga,3
proposals,3
prospective,3
protection,3
protopapas,3
pseudoparticles,3
publications,3
pursued,3
push,3
pzi,3
qualities,3
quanta,3
quinn,3
quoted,3
r2te,3
r3bn,3
ract,3
radiator,3
radiogra,3
radiographing,3
radioiso,3
rafal,3
ragg,3
ralchenko,3
ralph,3
ramanathan,3
ramis,3
rated,3
rax,3
razor,3
reabsorption,3
reactant,3
reacting,3
realizable,3
realm,3
reb,3
recast,3
receive,3
recircula,3
recreate,3
reductions,3
reflections,3
regardless,3
regime.11,3
registration,3
regression,3
reims,3
reinforce,3
reinforces,3
reitsma,3
relate,3
relay,3
rendered,3
rendering,3
renner,3
replacing,3
representa,3
reprintsandpermissions,3
reproduction,3
rer,3
researches,3
residing,3
resist,3
resolve,3
responds,3
restrict,3
resultant,3
retarded,3
reverse,3
revisited,3
revolutionary,3
rg7,3
rhee,3
ribberfors,3
rice,3
richard,3
rjne,3
rk,3
rly,3
rming,3
rnberg,3
road,3
robert,3
roberts,3
rodgers,3
rods,3
rodynam,3
roentgenol,3
rohlena,3
rohwer,3
ronghao,3
rosen,3
rotate,3
rsb,3
rstly,3
rusby,3
ruth,3
ruxin,3
rx,3
ryu,3
s11d,3
s15d,3
s16d,3
s21,3
s30d,3
s31d,3
s40d,3
s42d,3
s49d,3
s54d,3
s55d,3
s57d,3
s58d,3
s65d,3
s6d,3
s797,3
saclay,3
sadaoki,3
saddle,3
sadiabaticd,3
saemann,3
safely,3
sakabe,3
sakawa,3
samarin,3
san,3
sandia,3
satisfactory,3
saturable,3
scf,3
schmidt,3
scienze,3
scolor,3
search,3
seconds,3
sedov,3
sefkow,3
seipt,3
semiclassical,3
sepa,3
sequential,3
seredov,3
sers,3
serving,3
ses,3
severa,3
sf,3
sfrh,3
sgattoni,3
shadowed,3
shan,3
shang,3
shaoping,3
shcnc,3
sheet,3
shemesh,3
shield,3
shor,3
shortly,3
shou,3
shrinks,3
shverdin,3
sidered,3
signifi,3
sigurdsson,3
siid,3
similarities,3
simplest,3
simplified,3
simpson,3
simultane,3
sine,3
sinusoid,3
situated,3
sixteen,3
skew,3
slits,3
slovance,3
slows,3
smearing,3
smoothly,3
snap,3
snyder,3
software,3
solenoid,3
solodov,3
solver,3
something,3
song,3
sotnikov,3
spanned,3
spans,3
specialized,3
spectr,3
spectrometry,3
spectrosc,3
speculate,3
speeds,3
spiral,3
sq,3
sq1,3
squier,3
srim,3
stand,3
stationary,3
stay,3
steadily,3
steepening,3
steinke,3
steinman,3
sten,3
stepanek,3
stops,3
stored,3
strakhovenko,3
strategic,3
strath,3
streams,3
street,3
stretching,3
strikes,3
strip,3
strongest,3
stud,3
subscript,3
subse,3
successively,3
suita,3
suitably,3
summarizing,3
superfluorescence,3
superiority,3
supervised,3
supplied,3
supports,3
suppose,3
sure,3
surement,3
surmin,3
sustain,3
sweden,3
swedish,3
switched,3
symmetrical,3
synchronously,3
tahir,3
tainties,3
taiyuan,3
tak,3
tan,3
task,3
tation,3
tautz,3
tended,3
tenious,3
tent,3
tential,3
teractions,3
termed,3
textd,3
theoretische,3
thermo,3
thermoluminescent,3
thoss,3
thousands,3
threat,3
tice,3
tigation,3
tigner,3
tikonchuk,3
timescales,3
tissues,3
titan,3
tm,3
tofission,3
tom,3
tonchev,3
topes,3
topics,3
torgrimsson,3
tories,3
tracks,3
trains,3
tran,3
transmuted,3
transuranium,3
treat,3
treating,3
tric,3
triggering,3
truncated,3
tsukamoto,3
ttm,3
tuations,3
tudisco,3
tumanian,3
tumors,3
tung,3
tunneling,3
turbu,3
tured,3
turner,3
typi,3
u1630246,3
uller,3
ultrabright,3
umstadter1,3
uncontrollable,3
uncovered,3
unde,3
underground,3
undertaken,3
undetectable,3
unexpected,3
unimportant,3
uniquely,3
unoccupied,3
unprecedentedly,3
unpublished,3
unstructured,3
untrapped,3
uorescent,3
uoride,3
upgrade,3
upstream,3
urakawa,3
usable,3
usage,3
usb,3
usely,3
usp,3
utilization,3
uum,3
vac,3
vacancies,3
vachaspati,3
valenzuela,3
validation,3
valley,3
var,3
vari,3
vent,3
ventional,3
vibrational,3
vided,3
viewed,3
virtually,3
visibility,3
vision,3
visualization,3
vm,3
vn5,3
volpe,3
vyskoc,3
wa,3
wallin,3
washio,3
watson,3
wd,3
wea,3
wesley,3
whitebook,3
widmann,3
wiggle,3
win,3
wo,3
wong,3
workload,3
workstation,3
wrap,3
wrapped,3
wu1,3
wurtele,3
x10,3
x4,3
xb,3
xiantu,3
xin,3
xne,3
xpe,3
xueqing,3
xy,3
yaakobi,3
yabuuchi,3
yakimenko,3
yamanoi,3
yamazaki,3
yanagida,3
yasuhiko,3
yepes,3
yinren,3
yoffe,3
yong,3
yoon,3
yu1,3
yuchi,3
yuxin,3
yvette,3
z2ct,3
z5,3
za,3
zehnder,3
zeitler,3
zeng,3
zewail,3
zhengyan,3
zhimeng,3
zhizhan,3
ziegler,3
zigler,3
zones,3
zoom,3
zou,3
zv,3
